{
  "display": {
    "background": "minecraft:textures/block/stone.png",
    "icon": {
      "item": "holydinglegend:desert_eagle_ammo"
    },
    "title": {
      "translate": "advancements.shoot_hundred_meters.title"
    },
    "description": {
      "translate": "advancements.shoot_hundred_meters.descr"
    },
    "frame": "challenge",
    "show_toast": true,
    "announce_to_chat": true,
    "hidden": true
  },
  "criteria": {
    "shoot_hundred_meters": {
      "trigger": "minecraft:impossible"
    }
  }
}