{
	"format_version": "1.12.0",
	"minecraft:geometry": [
		{
			"description": {
				"identifier": "geometry.unknown",
				"texture_width": 64,
				"texture_height": 64,
				"visible_bounds_width": 3,
				"visible_bounds_height": 3.5,
				"visible_bounds_offset": [0, 1.25, 0]
			},
			"bones": [
				{
					"name": "bipedHead",
					"pivot": [0, 24, 0]
				},
				{
					"name": "armorHead",
					"parent": "bipedHead",
					"pivot": [0, 24, 0]
				},
				{
					"name": "Head",
					"parent": "armorHead",
					"pivot": [0, 24, 0],
					"cubes": [
						{
							"origin": [-4, 24, -4],
							"size": [8, 8, 8],
							"inflate": 1,
							"uv": {
								"north": {"uv": [16, 0], "uv_size": [8, 8]},
								"east": {"uv": [16, 8], "uv_size": [8, 8]},
								"south": {"uv": [16, 16.25], "uv_size": [8, 8]},
								"west": {"uv": [0, 23], "uv_size": [8, 8]},
								"up": {"uv": [36, 0], "uv_size": [8, 8]},
								"down": {"uv": [36, 8], "uv_size": [8, -8]}
							}
						},
						{
							"origin": [-4, 24, -4],
							"size": [8, 8, 8],
							"inflate": 1.5,
							"uv": {
								"north": {"uv": [36, 12.25], "uv_size": [8, 8]},
								"east": {"uv": [36, 0], "uv_size": [8, 8]},
								"south": {"uv": [36, 0.25], "uv_size": [8, 8]},
								"west": {"uv": [36, 12], "uv_size": [8, 8]},
								"up": {"uv": [36, 12.75], "uv_size": [8, 8]},
								"down": {"uv": [36, 20.5], "uv_size": [8, -8]}
							}
						}
					]
				},
				{
					"name": "ye",
					"parent": "Head",
					"pivot": [0, 24, 0]
				},
				{
					"name": "group9",
					"parent": "ye",
					"pivot": [-6.3875, 29.83494, -3.84788],
					"rotation": [-20.50311, -73.62888, 87.38781],
					"cubes": [
						{
							"origin": [-6.225, 31.54375, -3.79375],
							"size": [0.175, 0.1, 2.525],
							"pivot": [-6.1375, 32.40625, -3.3125],
							"rotation": [22.5, 0, 0],
							"uv": {
								"north": {"uv": [37, 58], "uv_size": [0.25, 0.25]},
								"east": {"uv": [7, 49], "uv_size": [2.5, 0.25]},
								"south": {"uv": [58, 37], "uv_size": [0.25, 0.25]},
								"west": {"uv": [49, 14], "uv_size": [2.5, 0.25]},
								"up": {"uv": [10, 49], "uv_size": [0.25, 2.5]},
								"down": {"uv": [11, 51.5], "uv_size": [0.25, -2.5]}
							}
						},
						{
							"origin": [-6.575, 31.54375, -3.79375],
							"size": [0.175, 0.1, 2.025],
							"pivot": [-6.1375, 32.40625, -3.3125],
							"rotation": [22.5, 0, 0],
							"uv": {
								"north": {"uv": [38, 58], "uv_size": [0.25, 0.25]},
								"east": {"uv": [32, 54], "uv_size": [2, 0.25]},
								"south": {"uv": [58, 38], "uv_size": [0.25, 0.25]},
								"west": {"uv": [54, 33], "uv_size": [2, 0.25]},
								"up": {"uv": [34, 54], "uv_size": [0.25, 2]},
								"down": {"uv": [54, 36], "uv_size": [0.25, -2]}
							}
						},
						{
							"origin": [-6.925, 31.54375, -3.06875],
							"size": [0.175, 0.1, 0.6],
							"pivot": [-6.1375, 32.40625, -3.3125],
							"rotation": [22.5, 0, 0],
							"uv": {
								"north": {"uv": [39, 58], "uv_size": [0.25, 0.25]},
								"east": {"uv": [12, 57], "uv_size": [0.5, 0.25]},
								"south": {"uv": [58, 39], "uv_size": [0.25, 0.25]},
								"west": {"uv": [13, 57], "uv_size": [0.5, 0.25]},
								"up": {"uv": [57, 13], "uv_size": [0.25, 0.5]},
								"down": {"uv": [57, 14.5], "uv_size": [0.25, -0.5]}
							}
						},
						{
							"origin": [-6.75, 31.54375, -3.46875],
							"size": [0.175, 0.1, 1.375],
							"pivot": [-6.1375, 32.40625, -3.3125],
							"rotation": [22.5, 0, 0],
							"uv": {
								"north": {"uv": [40, 58], "uv_size": [0.25, 0.25]},
								"east": {"uv": [54, 55], "uv_size": [1.5, 0.25]},
								"south": {"uv": [58, 40], "uv_size": [0.25, 0.25]},
								"west": {"uv": [55, 54], "uv_size": [1.5, 0.25]},
								"up": {"uv": [0, 56], "uv_size": [0.25, 1.5]},
								"down": {"uv": [56, 1.5], "uv_size": [0.25, -1.5]}
							}
						},
						{
							"origin": [-5.525, 31.54375, -3.06875],
							"size": [0.175, 0.1, 0.625],
							"pivot": [-6.1375, 32.40625, -3.3125],
							"rotation": [22.5, 0, 0],
							"uv": {
								"north": {"uv": [41, 58], "uv_size": [0.25, 0.25]},
								"east": {"uv": [57, 15], "uv_size": [0.5, 0.25]},
								"south": {"uv": [58, 41], "uv_size": [0.25, 0.25]},
								"west": {"uv": [16, 57], "uv_size": [0.5, 0.25]},
								"up": {"uv": [57, 16], "uv_size": [0.25, 0.5]},
								"down": {"uv": [17, 57.5], "uv_size": [0.25, -0.5]}
							}
						},
						{
							"origin": [-6.05, 31.54375, -3.79375],
							"size": [0.175, 0.1, 2.275],
							"pivot": [-6.1375, 32.40625, -3.3125],
							"rotation": [22.5, 0, 0],
							"uv": {
								"north": {"uv": [42, 58], "uv_size": [0.25, 0.25]},
								"east": {"uv": [52, 3], "uv_size": [2.25, 0.25]},
								"south": {"uv": [58, 42], "uv_size": [0.25, 0.25]},
								"west": {"uv": [6, 52], "uv_size": [2.25, 0.25]},
								"up": {"uv": [2, 52], "uv_size": [0.25, 2.25]},
								"down": {"uv": [3, 54.25], "uv_size": [0.25, -2.25]}
							}
						},
						{
							"origin": [-5.875, 31.54375, -3.79375],
							"size": [0.175, 0.1, 2],
							"pivot": [-6.1375, 32.40625, -3.3125],
							"rotation": [22.5, 0, 0],
							"uv": {
								"north": {"uv": [43, 58], "uv_size": [0.25, 0.25]},
								"east": {"uv": [54, 36], "uv_size": [2, 0.25]},
								"south": {"uv": [58, 43], "uv_size": [0.25, 0.25]},
								"west": {"uv": [37, 54], "uv_size": [2, 0.25]},
								"up": {"uv": [35, 54], "uv_size": [0.25, 2]},
								"down": {"uv": [54, 39], "uv_size": [0.25, -2]}
							}
						},
						{
							"origin": [-5.7, 31.54375, -3.44375],
							"size": [0.175, 0.1, 1.5],
							"pivot": [-6.1375, 32.40625, -3.3125],
							"rotation": [22.5, 0, 0],
							"uv": {
								"north": {"uv": [44, 58], "uv_size": [0.25, 0.25]},
								"east": {"uv": [1, 56], "uv_size": [1.5, 0.25]},
								"south": {"uv": [58, 44], "uv_size": [0.25, 0.25]},
								"west": {"uv": [56, 2], "uv_size": [1.5, 0.25]},
								"up": {"uv": [4, 56], "uv_size": [0.25, 1.5]},
								"down": {"uv": [5, 57.5], "uv_size": [0.25, -1.5]}
							}
						},
						{
							"origin": [-6.4, 31.54375, -3.79375],
							"size": [0.175, 0.1, 2.275],
							"pivot": [-6.1375, 32.40625, -3.3125],
							"rotation": [22.5, 0, 0],
							"uv": {
								"north": {"uv": [45, 58], "uv_size": [0.25, 0.25]},
								"east": {"uv": [9, 52], "uv_size": [2.25, 0.25]},
								"south": {"uv": [58, 45], "uv_size": [0.25, 0.25]},
								"west": {"uv": [52, 14], "uv_size": [2.25, 0.25]},
								"up": {"uv": [19, 52], "uv_size": [0.25, 2.25]},
								"down": {"uv": [20, 54.25], "uv_size": [0.25, -2.25]}
							}
						}
					]
				},
				{
					"name": "bone10",
					"parent": "group9",
					"pivot": [-2.825, 32.52633, -7.63509]
				},
				{
					"name": "group8",
					"parent": "ye",
					"pivot": [-6.3875, 29.83494, -0.97288],
					"rotation": [-20.50311, -73.62888, 87.38781],
					"cubes": [
						{
							"origin": [-6.225, 31.54375, -0.91875],
							"size": [0.175, 0.1, 2.525],
							"pivot": [-6.1375, 32.40625, -0.4375],
							"rotation": [22.5, 0, 0],
							"uv": {
								"north": {"uv": [28, 58], "uv_size": [0.25, 0.25]},
								"east": {"uv": [42, 48], "uv_size": [2.5, 0.25]},
								"south": {"uv": [58, 28], "uv_size": [0.25, 0.25]},
								"west": {"uv": [45, 48], "uv_size": [2.5, 0.25]},
								"up": {"uv": [48, 48], "uv_size": [0.25, 2.5]},
								"down": {"uv": [6, 51.5], "uv_size": [0.25, -2.5]}
							}
						},
						{
							"origin": [-6.575, 31.54375, -0.91875],
							"size": [0.175, 0.1, 2.025],
							"pivot": [-6.1375, 32.40625, -0.4375],
							"rotation": [22.5, 0, 0],
							"uv": {
								"north": {"uv": [29, 58], "uv_size": [0.25, 0.25]},
								"east": {"uv": [54, 26], "uv_size": [2, 0.25]},
								"south": {"uv": [58, 29], "uv_size": [0.25, 0.25]},
								"west": {"uv": [27, 54], "uv_size": [2, 0.25]},
								"up": {"uv": [54, 27], "uv_size": [0.25, 2]},
								"down": {"uv": [29, 56], "uv_size": [0.25, -2]}
							}
						},
						{
							"origin": [-6.925, 31.54375, -0.19375],
							"size": [0.175, 0.1, 0.6],
							"pivot": [-6.1375, 32.40625, -0.4375],
							"rotation": [22.5, 0, 0],
							"uv": {
								"north": {"uv": [30, 58], "uv_size": [0.25, 0.25]},
								"east": {"uv": [8, 57], "uv_size": [0.5, 0.25]},
								"south": {"uv": [58, 30], "uv_size": [0.25, 0.25]},
								"west": {"uv": [57, 8], "uv_size": [0.5, 0.25]},
								"up": {"uv": [9, 57], "uv_size": [0.25, 0.5]},
								"down": {"uv": [57, 9.5], "uv_size": [0.25, -0.5]}
							}
						},
						{
							"origin": [-6.75, 31.54375, -0.59375],
							"size": [0.175, 0.1, 1.375],
							"pivot": [-6.1375, 32.40625, -0.4375],
							"rotation": [22.5, 0, 0],
							"uv": {
								"north": {"uv": [31, 58], "uv_size": [0.25, 0.25]},
								"east": {"uv": [55, 43], "uv_size": [1.5, 0.25]},
								"south": {"uv": [58, 31], "uv_size": [0.25, 0.25]},
								"west": {"uv": [55, 48], "uv_size": [1.5, 0.25]},
								"up": {"uv": [47, 55], "uv_size": [0.25, 1.5]},
								"down": {"uv": [50, 56.5], "uv_size": [0.25, -1.5]}
							}
						},
						{
							"origin": [-5.525, 31.54375, -0.19375],
							"size": [0.175, 0.1, 0.625],
							"pivot": [-6.1375, 32.40625, -0.4375],
							"rotation": [22.5, 0, 0],
							"uv": {
								"north": {"uv": [32, 58], "uv_size": [0.25, 0.25]},
								"east": {"uv": [10, 57], "uv_size": [0.5, 0.25]},
								"south": {"uv": [58, 32], "uv_size": [0.25, 0.25]},
								"west": {"uv": [57, 10], "uv_size": [0.5, 0.25]},
								"up": {"uv": [11, 57], "uv_size": [0.25, 0.5]},
								"down": {"uv": [57, 11.5], "uv_size": [0.25, -0.5]}
							}
						},
						{
							"origin": [-6.05, 31.54375, -0.91875],
							"size": [0.175, 0.1, 2.275],
							"pivot": [-6.1375, 32.40625, -0.4375],
							"rotation": [22.5, 0, 0],
							"uv": {
								"north": {"uv": [33, 58], "uv_size": [0.25, 0.25]},
								"east": {"uv": [43, 51], "uv_size": [2.25, 0.25]},
								"south": {"uv": [58, 33], "uv_size": [0.25, 0.25]},
								"west": {"uv": [46, 51], "uv_size": [2.25, 0.25]},
								"up": {"uv": [33, 51], "uv_size": [0.25, 2.25]},
								"down": {"uv": [49, 53.25], "uv_size": [0.25, -2.25]}
							}
						},
						{
							"origin": [-5.875, 31.54375, -0.91875],
							"size": [0.175, 0.1, 2],
							"pivot": [-6.1375, 32.40625, -0.4375],
							"rotation": [22.5, 0, 0],
							"uv": {
								"north": {"uv": [34, 58], "uv_size": [0.25, 0.25]},
								"east": {"uv": [54, 29], "uv_size": [2, 0.25]},
								"south": {"uv": [58, 34], "uv_size": [0.25, 0.25]},
								"west": {"uv": [54, 30], "uv_size": [2, 0.25]},
								"up": {"uv": [30, 54], "uv_size": [0.25, 2]},
								"down": {"uv": [54, 33], "uv_size": [0.25, -2]}
							}
						},
						{
							"origin": [-5.7, 31.54375, -0.56875],
							"size": [0.175, 0.1, 1.5],
							"pivot": [-6.1375, 32.40625, -0.4375],
							"rotation": [22.5, 0, 0],
							"uv": {
								"north": {"uv": [35, 58], "uv_size": [0.25, 0.25]},
								"east": {"uv": [55, 49], "uv_size": [1.5, 0.25]},
								"south": {"uv": [58, 35], "uv_size": [0.25, 0.25]},
								"west": {"uv": [51, 55], "uv_size": [1.5, 0.25]},
								"up": {"uv": [55, 52], "uv_size": [0.25, 1.5]},
								"down": {"uv": [53, 56.5], "uv_size": [0.25, -1.5]}
							}
						},
						{
							"origin": [-6.4, 31.54375, -0.91875],
							"size": [0.175, 0.1, 2.275],
							"pivot": [-6.1375, 32.40625, -0.4375],
							"rotation": [22.5, 0, 0],
							"uv": {
								"north": {"uv": [36, 58], "uv_size": [0.25, 0.25]},
								"east": {"uv": [51, 50], "uv_size": [2.25, 0.25]},
								"south": {"uv": [58, 36], "uv_size": [0.25, 0.25]},
								"west": {"uv": [51, 51], "uv_size": [2.25, 0.25]},
								"up": {"uv": [52, 0], "uv_size": [0.25, 2.25]},
								"down": {"uv": [1, 54.25], "uv_size": [0.25, -2.25]}
							}
						}
					]
				},
				{
					"name": "bone9",
					"parent": "group8",
					"pivot": [-2.825, 32.52633, -4.76009]
				},
				{
					"name": "group7",
					"parent": "ye",
					"pivot": [-6.3875, 29.83494, 2.00212],
					"rotation": [-20.50311, -73.62888, 87.38781],
					"cubes": [
						{
							"origin": [-6.225, 31.54375, 2.05625],
							"size": [0.175, 0.1, 2.525],
							"pivot": [-6.1375, 32.40625, 2.5375],
							"rotation": [22.5, 0, 0],
							"uv": {
								"north": {"uv": [19, 58], "uv_size": [0.25, 0.25]},
								"east": {"uv": [34, 48], "uv_size": [2.5, 0.25]},
								"south": {"uv": [58, 19], "uv_size": [0.25, 0.25]},
								"west": {"uv": [37, 48], "uv_size": [2.5, 0.25]},
								"up": {"uv": [40, 48], "uv_size": [0.25, 2.5]},
								"down": {"uv": [41, 50.5], "uv_size": [0.25, -2.5]}
							}
						},
						{
							"origin": [-6.575, 31.54375, 2.05625],
							"size": [0.175, 0.1, 2.025],
							"pivot": [-6.1375, 32.40625, 2.5375],
							"rotation": [22.5, 0, 0],
							"uv": {
								"north": {"uv": [20, 58], "uv_size": [0.25, 0.25]},
								"east": {"uv": [54, 17], "uv_size": [2, 0.25]},
								"south": {"uv": [58, 20], "uv_size": [0.25, 0.25]},
								"west": {"uv": [54, 19], "uv_size": [2, 0.25]},
								"up": {"uv": [54, 20], "uv_size": [0.25, 2]},
								"down": {"uv": [22, 56], "uv_size": [0.25, -2]}
							}
						},
						{
							"origin": [-6.925, 31.54375, 2.78125],
							"size": [0.175, 0.1, 0.6],
							"pivot": [-6.1375, 32.40625, 2.5375],
							"rotation": [22.5, 0, 0],
							"uv": {
								"north": {"uv": [21, 58], "uv_size": [0.25, 0.25]},
								"east": {"uv": [57, 4], "uv_size": [0.5, 0.25]},
								"south": {"uv": [58, 21], "uv_size": [0.25, 0.25]},
								"west": {"uv": [57, 5], "uv_size": [0.5, 0.25]},
								"up": {"uv": [6, 57], "uv_size": [0.25, 0.5]},
								"down": {"uv": [7, 57.5], "uv_size": [0.25, -0.5]}
							}
						},
						{
							"origin": [-6.75, 31.54375, 2.38125],
							"size": [0.175, 0.1, 1.375],
							"pivot": [-6.1375, 32.40625, 2.5375],
							"rotation": [22.5, 0, 0],
							"uv": {
								"north": {"uv": [22, 58], "uv_size": [0.25, 0.25]},
								"east": {"uv": [55, 38], "uv_size": [1.5, 0.25]},
								"south": {"uv": [58, 22], "uv_size": [0.25, 0.25]},
								"west": {"uv": [40, 55], "uv_size": [1.5, 0.25]},
								"up": {"uv": [55, 40], "uv_size": [0.25, 1.5]},
								"down": {"uv": [42, 56.5], "uv_size": [0.25, -1.5]}
							}
						},
						{
							"origin": [-5.525, 31.54375, 2.78125],
							"size": [0.175, 0.1, 0.625],
							"pivot": [-6.1375, 32.40625, 2.5375],
							"rotation": [22.5, 0, 0],
							"uv": {
								"north": {"uv": [23, 58], "uv_size": [0.25, 0.25]},
								"east": {"uv": [40, 56], "uv_size": [0.75, 0.25]},
								"south": {"uv": [58, 23], "uv_size": [0.25, 0.25]},
								"west": {"uv": [56, 40], "uv_size": [0.75, 0.25]},
								"up": {"uv": [41, 56], "uv_size": [0.25, 0.75]},
								"down": {"uv": [56, 41.75], "uv_size": [0.25, -0.75]}
							}
						},
						{
							"origin": [-6.05, 31.54375, 2.05625],
							"size": [0.175, 0.1, 2.275],
							"pivot": [-6.1375, 32.40625, 2.5375],
							"rotation": [22.5, 0, 0],
							"uv": {
								"north": {"uv": [24, 58], "uv_size": [0.25, 0.25]},
								"east": {"uv": [51, 22], "uv_size": [2.25, 0.25]},
								"south": {"uv": [58, 24], "uv_size": [0.25, 0.25]},
								"west": {"uv": [23, 51], "uv_size": [2.25, 0.25]},
								"up": {"uv": [28, 51], "uv_size": [0.25, 2.25]},
								"down": {"uv": [29, 53.25], "uv_size": [0.25, -2.25]}
							}
						},
						{
							"origin": [-5.875, 31.54375, 2.05625],
							"size": [0.175, 0.1, 2],
							"pivot": [-6.1375, 32.40625, 2.5375],
							"rotation": [22.5, 0, 0],
							"uv": {
								"north": {"uv": [25, 58], "uv_size": [0.25, 0.25]},
								"east": {"uv": [54, 22], "uv_size": [2, 0.25]},
								"south": {"uv": [58, 25], "uv_size": [0.25, 0.25]},
								"west": {"uv": [54, 23], "uv_size": [2, 0.25]},
								"up": {"uv": [54, 24], "uv_size": [0.25, 2]},
								"down": {"uv": [26, 56], "uv_size": [0.25, -2]}
							}
						},
						{
							"origin": [-5.7, 31.54375, 2.40625],
							"size": [0.175, 0.1, 1.5],
							"pivot": [-6.1375, 32.40625, 2.5375],
							"rotation": [22.5, 0, 0],
							"uv": {
								"north": {"uv": [26, 58], "uv_size": [0.25, 0.25]},
								"east": {"uv": [55, 42], "uv_size": [1.5, 0.25]},
								"south": {"uv": [58, 26], "uv_size": [0.25, 0.25]},
								"west": {"uv": [43, 55], "uv_size": [1.5, 0.25]},
								"up": {"uv": [55, 45], "uv_size": [0.25, 1.5]},
								"down": {"uv": [46, 56.5], "uv_size": [0.25, -1.5]}
							}
						},
						{
							"origin": [-6.4, 31.54375, 2.05625],
							"size": [0.175, 0.1, 2.275],
							"pivot": [-6.1375, 32.40625, 2.5375],
							"rotation": [22.5, 0, 0],
							"uv": {
								"north": {"uv": [27, 58], "uv_size": [0.25, 0.25]},
								"east": {"uv": [51, 23], "uv_size": [2.25, 0.25]},
								"south": {"uv": [58, 27], "uv_size": [0.25, 0.25]},
								"west": {"uv": [40, 51], "uv_size": [2.25, 0.25]},
								"up": {"uv": [30, 51], "uv_size": [0.25, 2.25]},
								"down": {"uv": [32, 53.25], "uv_size": [0.25, -2.25]}
							}
						}
					]
				},
				{
					"name": "bone8",
					"parent": "group7",
					"pivot": [-2.825, 32.52633, -1.78509]
				},
				{
					"name": "group6",
					"parent": "ye",
					"pivot": [3.7375, 29.83494, 2.00212],
					"rotation": [-20.50311, -73.62888, 87.38781],
					"cubes": [
						{
							"origin": [3.9, 31.54375, 2.05625],
							"size": [0.175, 0.1, 2.525],
							"pivot": [3.9875, 32.40625, 2.5375],
							"rotation": [22.5, 0, 0],
							"uv": {
								"north": {"uv": [10, 58], "uv_size": [0.25, 0.25]},
								"east": {"uv": [26, 48], "uv_size": [2.5, 0.25]},
								"south": {"uv": [58, 10], "uv_size": [0.25, 0.25]},
								"west": {"uv": [29, 48], "uv_size": [2.5, 0.25]},
								"up": {"uv": [32, 48], "uv_size": [0.25, 2.5]},
								"down": {"uv": [33, 50.5], "uv_size": [0.25, -2.5]}
							}
						},
						{
							"origin": [3.55, 31.54375, 2.05625],
							"size": [0.175, 0.1, 2.025],
							"pivot": [3.9875, 32.40625, 2.5375],
							"rotation": [22.5, 0, 0],
							"uv": {
								"north": {"uv": [11, 58], "uv_size": [0.25, 0.25]},
								"east": {"uv": [54, 11], "uv_size": [2, 0.25]},
								"south": {"uv": [58, 11], "uv_size": [0.25, 0.25]},
								"west": {"uv": [54, 12], "uv_size": [2, 0.25]},
								"up": {"uv": [12, 54], "uv_size": [0.25, 2]},
								"down": {"uv": [14, 56], "uv_size": [0.25, -2]}
							}
						},
						{
							"origin": [3.2, 31.54375, 2.78125],
							"size": [0.175, 0.1, 0.6],
							"pivot": [3.9875, 32.40625, 2.5375],
							"rotation": [22.5, 0, 0],
							"uv": {
								"north": {"uv": [12, 58], "uv_size": [0.25, 0.25]},
								"east": {"uv": [1, 57], "uv_size": [0.5, 0.25]},
								"south": {"uv": [58, 12], "uv_size": [0.25, 0.25]},
								"west": {"uv": [57, 1], "uv_size": [0.5, 0.25]},
								"up": {"uv": [2, 57], "uv_size": [0.25, 0.5]},
								"down": {"uv": [3, 57.5], "uv_size": [0.25, -0.5]}
							}
						},
						{
							"origin": [3.375, 31.54375, 2.38125],
							"size": [0.175, 0.1, 1.375],
							"pivot": [3.9875, 32.40625, 2.5375],
							"rotation": [22.5, 0, 0],
							"uv": {
								"north": {"uv": [13, 58], "uv_size": [0.25, 0.25]},
								"east": {"uv": [55, 32], "uv_size": [1.5, 0.25]},
								"south": {"uv": [58, 13], "uv_size": [0.25, 0.25]},
								"west": {"uv": [55, 34], "uv_size": [1.5, 0.25]},
								"up": {"uv": [36, 55], "uv_size": [0.25, 1.5]},
								"down": {"uv": [37, 56.5], "uv_size": [0.25, -1.5]}
							}
						},
						{
							"origin": [4.6, 31.54375, 2.78125],
							"size": [0.175, 0.1, 0.625],
							"pivot": [3.9875, 32.40625, 2.5375],
							"rotation": [22.5, 0, 0],
							"uv": {
								"north": {"uv": [14, 58], "uv_size": [0.25, 0.25]},
								"east": {"uv": [34, 56], "uv_size": [0.75, 0.25]},
								"south": {"uv": [58, 14], "uv_size": [0.25, 0.25]},
								"west": {"uv": [35, 56], "uv_size": [0.75, 0.25]},
								"up": {"uv": [56, 36], "uv_size": [0.25, 0.75]},
								"down": {"uv": [56, 39.75], "uv_size": [0.25, -0.75]}
							}
						},
						{
							"origin": [4.075, 31.54375, 2.05625],
							"size": [0.175, 0.1, 2.275],
							"pivot": [3.9875, 32.40625, 2.5375],
							"rotation": [22.5, 0, 0],
							"uv": {
								"north": {"uv": [15, 58], "uv_size": [0.25, 0.25]},
								"east": {"uv": [51, 12], "uv_size": [2.25, 0.25]},
								"south": {"uv": [58, 15], "uv_size": [0.25, 0.25]},
								"west": {"uv": [51, 13], "uv_size": [2.25, 0.25]},
								"up": {"uv": [16, 51], "uv_size": [0.25, 2.25]},
								"down": {"uv": [17, 53.25], "uv_size": [0.25, -2.25]}
							}
						},
						{
							"origin": [4.25, 31.54375, 2.05625],
							"size": [0.175, 0.1, 2],
							"pivot": [3.9875, 32.40625, 2.5375],
							"rotation": [22.5, 0, 0],
							"uv": {
								"north": {"uv": [16, 58], "uv_size": [0.25, 0.25]},
								"east": {"uv": [54, 13], "uv_size": [2, 0.25]},
								"south": {"uv": [58, 16], "uv_size": [0.25, 0.25]},
								"west": {"uv": [15, 54], "uv_size": [2, 0.25]},
								"up": {"uv": [17, 54], "uv_size": [0.25, 2]},
								"down": {"uv": [18, 56], "uv_size": [0.25, -2]}
							}
						},
						{
							"origin": [4.425, 31.54375, 2.40625],
							"size": [0.175, 0.1, 1.5],
							"pivot": [3.9875, 32.40625, 2.5375],
							"rotation": [22.5, 0, 0],
							"uv": {
								"north": {"uv": [17, 58], "uv_size": [0.25, 0.25]},
								"east": {"uv": [55, 35], "uv_size": [1.5, 0.25]},
								"south": {"uv": [58, 17], "uv_size": [0.25, 0.25]},
								"west": {"uv": [55, 37], "uv_size": [1.5, 0.25]},
								"up": {"uv": [38, 55], "uv_size": [0.25, 1.5]},
								"down": {"uv": [39, 56.5], "uv_size": [0.25, -1.5]}
							}
						},
						{
							"origin": [3.725, 31.54375, 2.05625],
							"size": [0.175, 0.1, 2.275],
							"pivot": [3.9875, 32.40625, 2.5375],
							"rotation": [22.5, 0, 0],
							"uv": {
								"north": {"uv": [18, 58], "uv_size": [0.25, 0.25]},
								"east": {"uv": [51, 17], "uv_size": [2.25, 0.25]},
								"south": {"uv": [58, 18], "uv_size": [0.25, 0.25]},
								"west": {"uv": [51, 21], "uv_size": [2.25, 0.25]},
								"up": {"uv": [18, 51], "uv_size": [0.25, 2.25]},
								"down": {"uv": [22, 53.25], "uv_size": [0.25, -2.25]}
							}
						}
					]
				},
				{
					"name": "bone7",
					"parent": "group6",
					"pivot": [7.3, 32.52633, -1.78509]
				},
				{
					"name": "group5",
					"parent": "ye",
					"pivot": [3.7375, 29.83494, -0.99788],
					"rotation": [-20.50311, -73.62888, 87.38781],
					"cubes": [
						{
							"origin": [3.9, 31.54375, -0.94375],
							"size": [0.175, 0.1, 2.525],
							"pivot": [3.9875, 32.40625, -0.4625],
							"rotation": [22.5, 0, 0],
							"uv": {
								"north": {"uv": [0, 58], "uv_size": [0.25, 0.25]},
								"east": {"uv": [48, 22], "uv_size": [2.5, 0.25]},
								"south": {"uv": [58, 0], "uv_size": [0.25, 0.25]},
								"west": {"uv": [48, 23], "uv_size": [2.5, 0.25]},
								"up": {"uv": [24, 48], "uv_size": [0.25, 2.5]},
								"down": {"uv": [25, 50.5], "uv_size": [0.25, -2.5]}
							}
						},
						{
							"origin": [3.55, 31.54375, -0.94375],
							"size": [0.175, 0.1, 2.025],
							"pivot": [3.9875, 32.40625, -0.4625],
							"rotation": [22.5, 0, 0],
							"uv": {
								"north": {"uv": [1, 58], "uv_size": [0.25, 0.25]},
								"east": {"uv": [54, 0], "uv_size": [2, 0.25]},
								"south": {"uv": [58, 1], "uv_size": [0.25, 0.25]},
								"west": {"uv": [54, 1], "uv_size": [2, 0.25]},
								"up": {"uv": [4, 54], "uv_size": [0.25, 2]},
								"down": {"uv": [54, 6], "uv_size": [0.25, -2]}
							}
						},
						{
							"origin": [3.2, 31.54375, -0.21875],
							"size": [0.175, 0.1, 0.6],
							"pivot": [3.9875, 32.40625, -0.4625],
							"rotation": [22.5, 0, 0],
							"uv": {
								"north": {"uv": [2, 58], "uv_size": [0.25, 0.25]},
								"east": {"uv": [55, 56], "uv_size": [0.5, 0.25]},
								"south": {"uv": [58, 2], "uv_size": [0.25, 0.25]},
								"west": {"uv": [56, 55], "uv_size": [0.5, 0.25]},
								"up": {"uv": [56, 56], "uv_size": [0.25, 0.5]},
								"down": {"uv": [57, 0.5], "uv_size": [0.25, -0.5]}
							}
						},
						{
							"origin": [3.375, 31.54375, -0.61875],
							"size": [0.175, 0.1, 1.375],
							"pivot": [3.9875, 32.40625, -0.4625],
							"rotation": [22.5, 0, 0],
							"uv": {
								"north": {"uv": [3, 58], "uv_size": [0.25, 0.25]},
								"east": {"uv": [55, 25], "uv_size": [1.5, 0.25]},
								"south": {"uv": [58, 3], "uv_size": [0.25, 0.25]},
								"west": {"uv": [55, 27], "uv_size": [1.5, 0.25]},
								"up": {"uv": [28, 55], "uv_size": [0.25, 1.5]},
								"down": {"uv": [31, 56.5], "uv_size": [0.25, -1.5]}
							}
						},
						{
							"origin": [4.6, 31.54375, -0.21875],
							"size": [0.175, 0.1, 0.625],
							"pivot": [3.9875, 32.40625, -0.4625],
							"rotation": [22.5, 0, 0],
							"uv": {
								"north": {"uv": [4, 58], "uv_size": [0.25, 0.25]},
								"east": {"uv": [56, 29], "uv_size": [0.75, 0.25]},
								"south": {"uv": [58, 4], "uv_size": [0.25, 0.25]},
								"west": {"uv": [30, 56], "uv_size": [0.75, 0.25]},
								"up": {"uv": [56, 30], "uv_size": [0.25, 0.75]},
								"down": {"uv": [56, 33.75], "uv_size": [0.25, -0.75]}
							}
						},
						{
							"origin": [4.075, 31.54375, -0.94375],
							"size": [0.175, 0.1, 2.275],
							"pivot": [3.9875, 32.40625, -0.4625],
							"rotation": [22.5, 0, 0],
							"uv": {
								"north": {"uv": [5, 58], "uv_size": [0.25, 0.25]},
								"east": {"uv": [1, 51], "uv_size": [2.25, 0.25]},
								"south": {"uv": [58, 5], "uv_size": [0.25, 0.25]},
								"west": {"uv": [7, 51], "uv_size": [2.25, 0.25]},
								"up": {"uv": [4, 51], "uv_size": [0.25, 2.25]},
								"down": {"uv": [5, 53.25], "uv_size": [0.25, -2.25]}
							}
						},
						{
							"origin": [4.25, 31.54375, -0.94375],
							"size": [0.175, 0.1, 2],
							"pivot": [3.9875, 32.40625, -0.4625],
							"rotation": [22.5, 0, 0],
							"uv": {
								"north": {"uv": [6, 58], "uv_size": [0.25, 0.25]},
								"east": {"uv": [7, 54], "uv_size": [2, 0.25]},
								"south": {"uv": [7, 58], "uv_size": [0.25, 0.25]},
								"west": {"uv": [54, 10], "uv_size": [2, 0.25]},
								"up": {"uv": [5, 54], "uv_size": [0.25, 2]},
								"down": {"uv": [11, 56], "uv_size": [0.25, -2]}
							}
						},
						{
							"origin": [4.425, 31.54375, -0.59375],
							"size": [0.175, 0.1, 1.5],
							"pivot": [3.9875, 32.40625, -0.4625],
							"rotation": [22.5, 0, 0],
							"uv": {
								"north": {"uv": [8, 58], "uv_size": [0.25, 0.25]},
								"east": {"uv": [55, 28], "uv_size": [1.5, 0.25]},
								"south": {"uv": [58, 8], "uv_size": [0.25, 0.25]},
								"west": {"uv": [55, 31], "uv_size": [1.5, 0.25]},
								"up": {"uv": [32, 55], "uv_size": [0.25, 1.5]},
								"down": {"uv": [33, 56.5], "uv_size": [0.25, -1.5]}
							}
						},
						{
							"origin": [3.725, 31.54375, -0.94375],
							"size": [0.175, 0.1, 2.275],
							"pivot": [3.9875, 32.40625, -0.4625],
							"rotation": [22.5, 0, 0],
							"uv": {
								"north": {"uv": [9, 58], "uv_size": [0.25, 0.25]},
								"east": {"uv": [51, 10], "uv_size": [2.25, 0.25]},
								"south": {"uv": [58, 9], "uv_size": [0.25, 0.25]},
								"west": {"uv": [51, 11], "uv_size": [2.25, 0.25]},
								"up": {"uv": [14, 51], "uv_size": [0.25, 2.25]},
								"down": {"uv": [15, 53.25], "uv_size": [0.25, -2.25]}
							}
						}
					]
				},
				{
					"name": "bone6",
					"parent": "group5",
					"pivot": [7.3, 32.52633, -4.78509]
				},
				{
					"name": "group4",
					"parent": "ye",
					"pivot": [3.7375, 29.83494, -3.99788],
					"rotation": [-20.50311, -73.62888, 87.38781],
					"cubes": [
						{
							"origin": [3.9, 31.54375, -3.94375],
							"size": [0.175, 0.1, 2.525],
							"pivot": [3.9875, 32.40625, -3.4625],
							"rotation": [22.5, 0, 0],
							"uv": {
								"north": {"uv": [57, 48], "uv_size": [0.25, 0.25]},
								"east": {"uv": [19, 48], "uv_size": [2.5, 0.25]},
								"south": {"uv": [49, 57], "uv_size": [0.25, 0.25]},
								"west": {"uv": [48, 21], "uv_size": [2.5, 0.25]},
								"up": {"uv": [22, 48], "uv_size": [0.25, 2.5]},
								"down": {"uv": [23, 50.5], "uv_size": [0.25, -2.5]}
							}
						},
						{
							"origin": [3.55, 31.54375, -3.94375],
							"size": [0.175, 0.1, 2.025],
							"pivot": [3.9875, 32.40625, -3.4625],
							"rotation": [22.5, 0, 0],
							"uv": {
								"north": {"uv": [57, 49], "uv_size": [0.25, 0.25]},
								"east": {"uv": [43, 53], "uv_size": [2, 0.25]},
								"south": {"uv": [50, 57], "uv_size": [0.25, 0.25]},
								"west": {"uv": [47, 53], "uv_size": [2, 0.25]},
								"up": {"uv": [53, 48], "uv_size": [0.25, 2]},
								"down": {"uv": [50, 55], "uv_size": [0.25, -2]}
							}
						},
						{
							"origin": [3.2, 31.54375, -3.21875],
							"size": [0.175, 0.1, 0.6],
							"pivot": [3.9875, 32.40625, -3.4625],
							"rotation": [22.5, 0, 0],
							"uv": {
								"north": {"uv": [57, 50], "uv_size": [0.25, 0.25]},
								"east": {"uv": [52, 56], "uv_size": [0.5, 0.25]},
								"south": {"uv": [51, 57], "uv_size": [0.25, 0.25]},
								"west": {"uv": [56, 52], "uv_size": [0.5, 0.25]},
								"up": {"uv": [56, 53], "uv_size": [0.25, 0.5]},
								"down": {"uv": [54, 56.5], "uv_size": [0.25, -0.5]}
							}
						},
						{
							"origin": [3.375, 31.54375, -3.61875],
							"size": [0.175, 0.1, 1.375],
							"pivot": [3.9875, 32.40625, -3.4625],
							"rotation": [22.5, 0, 0],
							"uv": {
								"north": {"uv": [57, 51], "uv_size": [0.25, 0.25]},
								"east": {"uv": [55, 16], "uv_size": [1.5, 0.25]},
								"south": {"uv": [52, 57], "uv_size": [0.25, 0.25]},
								"west": {"uv": [55, 18], "uv_size": [1.5, 0.25]},
								"up": {"uv": [55, 20], "uv_size": [0.25, 1.5]},
								"down": {"uv": [21, 56.5], "uv_size": [0.25, -1.5]}
							}
						},
						{
							"origin": [4.6, 31.54375, -3.21875],
							"size": [0.175, 0.1, 0.625],
							"pivot": [3.9875, 32.40625, -3.4625],
							"rotation": [22.5, 0, 0],
							"uv": {
								"north": {"uv": [57, 52], "uv_size": [0.25, 0.25]},
								"east": {"uv": [24, 56], "uv_size": [0.75, 0.25]},
								"south": {"uv": [53, 57], "uv_size": [0.25, 0.25]},
								"west": {"uv": [26, 56], "uv_size": [0.75, 0.25]},
								"up": {"uv": [56, 26], "uv_size": [0.25, 0.75]},
								"down": {"uv": [29, 56.75], "uv_size": [0.25, -0.75]}
							}
						},
						{
							"origin": [4.075, 31.54375, -3.94375],
							"size": [0.175, 0.1, 2.275],
							"pivot": [3.9875, 32.40625, -3.4625],
							"rotation": [22.5, 0, 0],
							"uv": {
								"north": {"uv": [57, 53], "uv_size": [0.25, 0.25]},
								"east": {"uv": [42, 50], "uv_size": [2.25, 0.25]},
								"south": {"uv": [54, 57], "uv_size": [0.25, 0.25]},
								"west": {"uv": [45, 50], "uv_size": [2.25, 0.25]},
								"up": {"uv": [35, 50], "uv_size": [0.25, 2.25]},
								"down": {"uv": [36, 52.25], "uv_size": [0.25, -2.25]}
							}
						},
						{
							"origin": [4.25, 31.54375, -3.94375],
							"size": [0.175, 0.1, 2],
							"pivot": [3.9875, 32.40625, -3.4625],
							"rotation": [22.5, 0, 0],
							"uv": {
								"north": {"uv": [57, 54], "uv_size": [0.25, 0.25]},
								"east": {"uv": [51, 53], "uv_size": [2, 0.25]},
								"south": {"uv": [55, 57], "uv_size": [0.25, 0.25]},
								"west": {"uv": [53, 52], "uv_size": [2, 0.25]},
								"up": {"uv": [53, 53], "uv_size": [0.25, 2]},
								"down": {"uv": [0, 56], "uv_size": [0.25, -2]}
							}
						},
						{
							"origin": [4.425, 31.54375, -3.59375],
							"size": [0.175, 0.1, 1.5],
							"pivot": [3.9875, 32.40625, -3.4625],
							"rotation": [22.5, 0, 0],
							"uv": {
								"north": {"uv": [57, 55], "uv_size": [0.25, 0.25]},
								"east": {"uv": [23, 55], "uv_size": [1.5, 0.25]},
								"south": {"uv": [56, 57], "uv_size": [0.25, 0.25]},
								"west": {"uv": [55, 24], "uv_size": [1.5, 0.25]},
								"up": {"uv": [25, 55], "uv_size": [0.25, 1.5]},
								"down": {"uv": [27, 56.5], "uv_size": [0.25, -1.5]}
							}
						},
						{
							"origin": [3.725, 31.54375, -3.94375],
							"size": [0.175, 0.1, 2.275],
							"pivot": [3.9875, 32.40625, -3.4625],
							"rotation": [22.5, 0, 0],
							"uv": {
								"north": {"uv": [57, 56], "uv_size": [0.25, 0.25]},
								"east": {"uv": [50, 48], "uv_size": [2.25, 0.25]},
								"south": {"uv": [57, 57], "uv_size": [0.25, 0.25]},
								"west": {"uv": [50, 49], "uv_size": [2.25, 0.25]},
								"up": {"uv": [50, 50], "uv_size": [0.25, 2.25]},
								"down": {"uv": [0, 53.25], "uv_size": [0.25, -2.25]}
							}
						}
					]
				},
				{
					"name": "bone4",
					"parent": "group4",
					"pivot": [7.3, 32.52633, -7.78509]
				},
				{
					"name": "group3",
					"parent": "ye",
					"pivot": [-2.3625, 29.83494, -3.84788],
					"rotation": [64.74261, -1.14549, -24.49111],
					"cubes": [
						{
							"origin": [-2.2, 31.54375, -3.79375],
							"size": [0.175, 0.1, 2.525],
							"pivot": [-2.1125, 32.40625, -3.3125],
							"rotation": [22.5, 0, 0],
							"uv": {
								"north": {"uv": [57, 39], "uv_size": [0.25, 0.25]},
								"east": {"uv": [15, 48], "uv_size": [2.5, 0.25]},
								"south": {"uv": [40, 57], "uv_size": [0.25, 0.25]},
								"west": {"uv": [48, 17], "uv_size": [2.5, 0.25]},
								"up": {"uv": [18, 48], "uv_size": [0.25, 2.5]},
								"down": {"uv": [48, 20.5], "uv_size": [0.25, -2.5]}
							}
						},
						{
							"origin": [-2.55, 31.54375, -3.79375],
							"size": [0.175, 0.1, 2.025],
							"pivot": [-2.1125, 32.40625, -3.3125],
							"rotation": [22.5, 0, 0],
							"uv": {
								"north": {"uv": [57, 40], "uv_size": [0.25, 0.25]},
								"east": {"uv": [26, 53], "uv_size": [2, 0.25]},
								"south": {"uv": [41, 57], "uv_size": [0.25, 0.25]},
								"west": {"uv": [34, 53], "uv_size": [2, 0.25]},
								"up": {"uv": [31, 53], "uv_size": [0.25, 2]},
								"down": {"uv": [36, 55], "uv_size": [0.25, -2]}
							}
						},
						{
							"origin": [-2.9, 31.54375, -3.06875],
							"size": [0.175, 0.1, 0.6],
							"pivot": [-2.1125, 32.40625, -3.3125],
							"rotation": [22.5, 0, 0],
							"uv": {
								"north": {"uv": [57, 41], "uv_size": [0.25, 0.25]},
								"east": {"uv": [49, 56], "uv_size": [0.5, 0.25]},
								"south": {"uv": [42, 57], "uv_size": [0.25, 0.25]},
								"west": {"uv": [56, 50], "uv_size": [0.5, 0.25]},
								"up": {"uv": [51, 56], "uv_size": [0.25, 0.5]},
								"down": {"uv": [56, 51.5], "uv_size": [0.25, -0.5]}
							}
						},
						{
							"origin": [-2.725, 31.54375, -3.46875],
							"size": [0.175, 0.1, 1.375],
							"pivot": [-2.1125, 32.40625, -3.3125],
							"rotation": [22.5, 0, 0],
							"uv": {
								"north": {"uv": [57, 42], "uv_size": [0.25, 0.25]},
								"east": {"uv": [8, 55], "uv_size": [1.5, 0.25]},
								"south": {"uv": [43, 57], "uv_size": [0.25, 0.25]},
								"west": {"uv": [55, 14], "uv_size": [1.5, 0.25]},
								"up": {"uv": [10, 55], "uv_size": [0.25, 1.5]},
								"down": {"uv": [13, 56.5], "uv_size": [0.25, -1.5]}
							}
						},
						{
							"origin": [-1.5, 31.54375, -3.06875],
							"size": [0.175, 0.1, 0.625],
							"pivot": [-2.1125, 32.40625, -3.3125],
							"rotation": [22.5, 0, 0],
							"uv": {
								"north": {"uv": [57, 43], "uv_size": [0.25, 0.25]},
								"east": {"uv": [22, 56], "uv_size": [0.75, 0.25]},
								"south": {"uv": [44, 57], "uv_size": [0.25, 0.25]},
								"west": {"uv": [56, 22], "uv_size": [0.75, 0.25]},
								"up": {"uv": [23, 56], "uv_size": [0.25, 0.75]},
								"down": {"uv": [56, 23.75], "uv_size": [0.25, -0.75]}
							}
						},
						{
							"origin": [-2.025, 31.54375, -3.79375],
							"size": [0.175, 0.1, 2.275],
							"pivot": [-2.1125, 32.40625, -3.3125],
							"rotation": [22.5, 0, 0],
							"uv": {
								"north": {"uv": [57, 44], "uv_size": [0.25, 0.25]},
								"east": {"uv": [50, 18], "uv_size": [2.25, 0.25]},
								"south": {"uv": [45, 57], "uv_size": [0.25, 0.25]},
								"west": {"uv": [50, 19], "uv_size": [2.25, 0.25]},
								"up": {"uv": [26, 50], "uv_size": [0.25, 2.25]},
								"down": {"uv": [27, 52.25], "uv_size": [0.25, -2.25]}
							}
						},
						{
							"origin": [-1.85, 31.54375, -3.79375],
							"size": [0.175, 0.1, 2],
							"pivot": [-2.1125, 32.40625, -3.3125],
							"rotation": [22.5, 0, 0],
							"uv": {
								"north": {"uv": [57, 45], "uv_size": [0.25, 0.25]},
								"east": {"uv": [37, 53], "uv_size": [2, 0.25]},
								"south": {"uv": [46, 57], "uv_size": [0.25, 0.25]},
								"west": {"uv": [39, 53], "uv_size": [2, 0.25]},
								"up": {"uv": [41, 53], "uv_size": [0.25, 2]},
								"down": {"uv": [42, 55], "uv_size": [0.25, -2]}
							}
						},
						{
							"origin": [-1.675, 31.54375, -3.44375],
							"size": [0.175, 0.1, 1.5],
							"pivot": [-2.1125, 32.40625, -3.3125],
							"rotation": [22.5, 0, 0],
							"uv": {
								"north": {"uv": [57, 46], "uv_size": [0.25, 0.25]},
								"east": {"uv": [15, 55], "uv_size": [1.5, 0.25]},
								"south": {"uv": [47, 57], "uv_size": [0.25, 0.25]},
								"west": {"uv": [55, 15], "uv_size": [1.5, 0.25]},
								"up": {"uv": [19, 55], "uv_size": [0.25, 1.5]},
								"down": {"uv": [20, 56.5], "uv_size": [0.25, -1.5]}
							}
						},
						{
							"origin": [-2.375, 31.54375, -3.79375],
							"size": [0.175, 0.1, 2.275],
							"pivot": [-2.1125, 32.40625, -3.3125],
							"rotation": [22.5, 0, 0],
							"uv": {
								"north": {"uv": [57, 47], "uv_size": [0.25, 0.25]},
								"east": {"uv": [50, 20], "uv_size": [2.25, 0.25]},
								"south": {"uv": [48, 57], "uv_size": [0.25, 0.25]},
								"west": {"uv": [28, 50], "uv_size": [2.25, 0.25]},
								"up": {"uv": [31, 50], "uv_size": [0.25, 2.25]},
								"down": {"uv": [34, 52.25], "uv_size": [0.25, -2.25]}
							}
						}
					]
				},
				{
					"name": "bone3",
					"parent": "group3",
					"pivot": [1.2, 32.52633, -7.63509]
				},
				{
					"name": "group2",
					"parent": "ye",
					"pivot": [1.7125, 30.00994, -3.82288],
					"rotation": [65.2417, 2.18642, 26.72322],
					"cubes": [
						{
							"origin": [1.875, 31.71875, -3.76875],
							"size": [0.175, 0.1, 2.525],
							"pivot": [1.9625, 32.58125, -3.2875],
							"rotation": [22.5, 0, 0],
							"uv": {
								"north": {"uv": [57, 30], "uv_size": [0.25, 0.25]},
								"east": {"uv": [48, 12], "uv_size": [2.5, 0.25]},
								"south": {"uv": [31, 57], "uv_size": [0.25, 0.25]},
								"west": {"uv": [48, 13], "uv_size": [2.5, 0.25]},
								"up": {"uv": [14, 48], "uv_size": [0.25, 2.5]},
								"down": {"uv": [48, 16.5], "uv_size": [0.25, -2.5]}
							}
						},
						{
							"origin": [1.525, 31.71875, -3.76875],
							"size": [0.175, 0.1, 2.025],
							"pivot": [1.9625, 32.58125, -3.2875],
							"rotation": [22.5, 0, 0],
							"uv": {
								"north": {"uv": [57, 31], "uv_size": [0.25, 0.25]},
								"east": {"uv": [53, 2], "uv_size": [2, 0.25]},
								"south": {"uv": [32, 57], "uv_size": [0.25, 0.25]},
								"west": {"uv": [7, 53], "uv_size": [2, 0.25]},
								"up": {"uv": [9, 53], "uv_size": [0.25, 2]},
								"down": {"uv": [10, 55], "uv_size": [0.25, -2]}
							}
						},
						{
							"origin": [1.175, 31.71875, -3.04375],
							"size": [0.175, 0.1, 0.6],
							"pivot": [1.9625, 32.58125, -3.2875],
							"rotation": [22.5, 0, 0],
							"uv": {
								"north": {"uv": [57, 32], "uv_size": [0.25, 0.25]},
								"east": {"uv": [56, 45], "uv_size": [0.5, 0.25]},
								"south": {"uv": [33, 57], "uv_size": [0.25, 0.25]},
								"west": {"uv": [56, 46], "uv_size": [0.5, 0.25]},
								"up": {"uv": [56, 47], "uv_size": [0.25, 0.5]},
								"down": {"uv": [48, 56.5], "uv_size": [0.25, -0.5]}
							}
						},
						{
							"origin": [1.35, 31.71875, -3.44375],
							"size": [0.175, 0.1, 1.375],
							"pivot": [1.9625, 32.58125, -3.2875],
							"rotation": [22.5, 0, 0],
							"uv": {
								"north": {"uv": [57, 33], "uv_size": [0.25, 0.25]},
								"east": {"uv": [54, 51], "uv_size": [1.5, 0.25]},
								"south": {"uv": [34, 57], "uv_size": [0.25, 0.25]},
								"west": {"uv": [1, 55], "uv_size": [1.5, 0.25]},
								"up": {"uv": [55, 2], "uv_size": [0.25, 1.5]},
								"down": {"uv": [3, 56.5], "uv_size": [0.25, -1.5]}
							}
						},
						{
							"origin": [2.575, 31.71875, -3.04375],
							"size": [0.175, 0.1, 0.625],
							"pivot": [1.9625, 32.58125, -3.2875],
							"rotation": [22.5, 0, 0],
							"uv": {
								"north": {"uv": [57, 34], "uv_size": [0.25, 0.25]},
								"east": {"uv": [18, 56], "uv_size": [0.75, 0.25]},
								"south": {"uv": [35, 57], "uv_size": [0.25, 0.25]},
								"west": {"uv": [56, 19], "uv_size": [0.75, 0.25]},
								"up": {"uv": [56, 20], "uv_size": [0.25, 0.75]},
								"down": {"uv": [56, 21.75], "uv_size": [0.25, -0.75]}
							}
						},
						{
							"origin": [2.05, 31.71875, -3.76875],
							"size": [0.175, 0.1, 2.275],
							"pivot": [1.9625, 32.58125, -3.2875],
							"rotation": [22.5, 0, 0],
							"uv": {
								"north": {"uv": [57, 35], "uv_size": [0.25, 0.25]},
								"east": {"uv": [42, 49], "uv_size": [2.25, 0.25]},
								"south": {"uv": [36, 57], "uv_size": [0.25, 0.25]},
								"west": {"uv": [45, 49], "uv_size": [2.25, 0.25]},
								"up": {"uv": [39, 49], "uv_size": [0.25, 2.25]},
								"down": {"uv": [49, 50.25], "uv_size": [0.25, -2.25]}
							}
						},
						{
							"origin": [2.225, 31.71875, -3.76875],
							"size": [0.175, 0.1, 2],
							"pivot": [1.9625, 32.58125, -3.2875],
							"rotation": [22.5, 0, 0],
							"uv": {
								"north": {"uv": [57, 36], "uv_size": [0.25, 0.25]},
								"east": {"uv": [11, 53], "uv_size": [2, 0.25]},
								"south": {"uv": [37, 57], "uv_size": [0.25, 0.25]},
								"west": {"uv": [53, 18], "uv_size": [2, 0.25]},
								"up": {"uv": [13, 53], "uv_size": [0.25, 2]},
								"down": {"uv": [53, 21], "uv_size": [0.25, -2]}
							}
						},
						{
							"origin": [2.4, 31.71875, -3.41875],
							"size": [0.175, 0.1, 1.5],
							"pivot": [1.9625, 32.58125, -3.2875],
							"rotation": [22.5, 0, 0],
							"uv": {
								"north": {"uv": [57, 37], "uv_size": [0.25, 0.25]},
								"east": {"uv": [55, 4], "uv_size": [1.5, 0.25]},
								"south": {"uv": [38, 57], "uv_size": [0.25, 0.25]},
								"west": {"uv": [55, 5], "uv_size": [1.5, 0.25]},
								"up": {"uv": [6, 55], "uv_size": [0.25, 1.5]},
								"down": {"uv": [7, 56.5], "uv_size": [0.25, -1.5]}
							}
						},
						{
							"origin": [1.7, 31.71875, -3.76875],
							"size": [0.175, 0.1, 2.275],
							"pivot": [1.9625, 32.58125, -3.2875],
							"rotation": [22.5, 0, 0],
							"uv": {
								"north": {"uv": [57, 38], "uv_size": [0.25, 0.25]},
								"east": {"uv": [7, 50], "uv_size": [2.25, 0.25]},
								"south": {"uv": [39, 57], "uv_size": [0.25, 0.25]},
								"west": {"uv": [15, 50], "uv_size": [2.25, 0.25]},
								"up": {"uv": [12, 50], "uv_size": [0.25, 2.25]},
								"down": {"uv": [13, 52.25], "uv_size": [0.25, -2.25]}
							}
						}
					]
				},
				{
					"name": "bone2",
					"parent": "group2",
					"pivot": [5.275, 32.70133, -7.61009]
				},
				{
					"name": "group",
					"parent": "ye",
					"pivot": [-0.2875, 30.00994, -3.99788],
					"rotation": [62.5, 0, 0],
					"cubes": [
						{
							"origin": [-0.125, 31.71875, -3.94375],
							"size": [0.175, 0.1, 2.525],
							"pivot": [-0.0375, 32.58125, -3.4625],
							"rotation": [22.5, 0, 0],
							"uv": {
								"north": {"uv": [57, 21], "uv_size": [0.25, 0.25]},
								"east": {"uv": [48, 10], "uv_size": [2.5, 0.25]},
								"south": {"uv": [22, 57], "uv_size": [0.25, 0.25]},
								"west": {"uv": [48, 11], "uv_size": [2.5, 0.25]},
								"up": {"uv": [12, 47], "uv_size": [0.25, 2.5]},
								"down": {"uv": [13, 49.5], "uv_size": [0.25, -2.5]}
							}
						},
						{
							"origin": [-0.475, 31.71875, -3.94375],
							"size": [0.175, 0.1, 2.025],
							"pivot": [-0.0375, 32.58125, -3.4625],
							"rotation": [22.5, 0, 0],
							"uv": {
								"north": {"uv": [57, 22], "uv_size": [0.25, 0.25]},
								"east": {"uv": [14, 43], "uv_size": [2, 0.25]},
								"south": {"uv": [23, 57], "uv_size": [0.25, 0.25]},
								"west": {"uv": [43, 52], "uv_size": [2, 0.25]},
								"up": {"uv": [45, 52], "uv_size": [0.25, 2]},
								"down": {"uv": [46, 54], "uv_size": [0.25, -2]}
							}
						},
						{
							"origin": [-0.825, 31.71875, -3.21875],
							"size": [0.175, 0.1, 0.6],
							"pivot": [-0.0375, 32.58125, -3.4625],
							"rotation": [22.5, 0, 0],
							"uv": {
								"north": {"uv": [57, 23], "uv_size": [0.25, 0.25]},
								"east": {"uv": [43, 56], "uv_size": [0.5, 0.25]},
								"south": {"uv": [24, 57], "uv_size": [0.25, 0.25]},
								"west": {"uv": [44, 56], "uv_size": [0.5, 0.25]},
								"up": {"uv": [56, 44], "uv_size": [0.25, 0.5]},
								"down": {"uv": [45, 56.5], "uv_size": [0.25, -0.5]}
							}
						},
						{
							"origin": [-0.65, 31.71875, -3.61875],
							"size": [0.175, 0.1, 1.375],
							"pivot": [-0.0375, 32.58125, -3.4625],
							"rotation": [22.5, 0, 0],
							"uv": {
								"north": {"uv": [57, 24], "uv_size": [0.25, 0.25]},
								"east": {"uv": [46, 54], "uv_size": [1.5, 0.25]},
								"south": {"uv": [25, 57], "uv_size": [0.25, 0.25]},
								"west": {"uv": [54, 47], "uv_size": [1.5, 0.25]},
								"up": {"uv": [48, 54], "uv_size": [0.25, 1.5]},
								"down": {"uv": [54, 49.5], "uv_size": [0.25, -1.5]}
							}
						},
						{
							"origin": [0.575, 31.71875, -3.21875],
							"size": [0.175, 0.1, 0.625],
							"pivot": [-0.0375, 32.58125, -3.4625],
							"rotation": [22.5, 0, 0],
							"uv": {
								"north": {"uv": [57, 25], "uv_size": [0.25, 0.25]},
								"east": {"uv": [56, 13], "uv_size": [0.75, 0.25]},
								"south": {"uv": [26, 57], "uv_size": [0.25, 0.25]},
								"west": {"uv": [16, 56], "uv_size": [0.75, 0.25]},
								"up": {"uv": [17, 56], "uv_size": [0.25, 0.75]},
								"down": {"uv": [56, 17.75], "uv_size": [0.25, -0.75]}
							}
						},
						{
							"origin": [0.05, 31.71875, -3.94375],
							"size": [0.175, 0.1, 2.275],
							"pivot": [-0.0375, 32.58125, -3.4625],
							"rotation": [22.5, 0, 0],
							"uv": {
								"north": {"uv": [57, 26], "uv_size": [0.25, 0.25]},
								"east": {"uv": [49, 16], "uv_size": [2.25, 0.25]},
								"south": {"uv": [27, 57], "uv_size": [0.25, 0.25]},
								"west": {"uv": [26, 49], "uv_size": [2.25, 0.25]},
								"up": {"uv": [20, 49], "uv_size": [0.25, 2.25]},
								"down": {"uv": [21, 51.25], "uv_size": [0.25, -2.25]}
							}
						},
						{
							"origin": [0.225, 31.71875, -3.94375],
							"size": [0.175, 0.1, 2],
							"pivot": [-0.0375, 32.58125, -3.4625],
							"rotation": [22.5, 0, 0],
							"uv": {
								"north": {"uv": [57, 27], "uv_size": [0.25, 0.25]},
								"east": {"uv": [47, 52], "uv_size": [2, 0.25]},
								"south": {"uv": [28, 57], "uv_size": [0.25, 0.25]},
								"west": {"uv": [51, 52], "uv_size": [2, 0.25]},
								"up": {"uv": [53, 0], "uv_size": [0.25, 2]},
								"down": {"uv": [6, 55], "uv_size": [0.25, -2]}
							}
						},
						{
							"origin": [0.4, 31.71875, -3.59375],
							"size": [0.175, 0.1, 1.5],
							"pivot": [-0.0375, 32.58125, -3.4625],
							"rotation": [22.5, 0, 0],
							"uv": {
								"north": {"uv": [57, 28], "uv_size": [0.25, 0.25]},
								"east": {"uv": [54, 50], "uv_size": [1.5, 0.25]},
								"south": {"uv": [29, 57], "uv_size": [0.25, 0.25]},
								"west": {"uv": [51, 54], "uv_size": [1.5, 0.25]},
								"up": {"uv": [49, 54], "uv_size": [0.25, 1.5]},
								"down": {"uv": [54, 54.5], "uv_size": [0.25, -1.5]}
							}
						},
						{
							"origin": [-0.3, 31.71875, -3.94375],
							"size": [0.175, 0.1, 2.275],
							"pivot": [-0.0375, 32.58125, -3.4625],
							"rotation": [22.5, 0, 0],
							"uv": {
								"north": {"uv": [57, 29], "uv_size": [0.25, 0.25]},
								"east": {"uv": [29, 49], "uv_size": [2.25, 0.25]},
								"south": {"uv": [30, 57], "uv_size": [0.25, 0.25]},
								"west": {"uv": [34, 49], "uv_size": [2.25, 0.25]},
								"up": {"uv": [37, 49], "uv_size": [0.25, 2.25]},
								"down": {"uv": [38, 51.25], "uv_size": [0.25, -2.25]}
							}
						}
					]
				},
				{
					"name": "bone5",
					"parent": "group",
					"pivot": [3.275, 32.70133, -7.78509]
				},
				{
					"name": "bipedBody",
					"pivot": [0, 24, 0]
				},
				{
					"name": "armorBody",
					"parent": "bipedBody",
					"pivot": [0, 24, 0]
				},
				{
					"name": "Body",
					"parent": "armorBody",
					"pivot": [0, 24, 0],
					"cubes": [
						{
							"origin": [-4, 12, -2],
							"size": [8, 12, 4],
							"inflate": 1.01,
							"uv": {
								"north": {"uv": [0, 0], "uv_size": [8, 12]},
								"east": {"uv": [0, 31], "uv_size": [4, 12]},
								"south": {"uv": [8, 0], "uv_size": [8, 12]},
								"west": {"uv": [4, 31], "uv_size": [4, 12]},
								"up": {"uv": [6, 43], "uv_size": [8, 4]},
								"down": {"uv": [37.5, 4], "uv_size": [8, -4]}
							}
						},
						{
							"origin": [-4, 11.5, -12.5],
							"size": [8, 1, 11],
							"pivot": [-3.5, 12, -3.5],
							"rotation": [-90, -90, 90],
							"uv": {
								"north": {"uv": [48, 8], "uv_size": [8, 1]},
								"east": {"uv": [48, 6], "uv_size": [11, 1]},
								"south": {"uv": [48, 9], "uv_size": [8, 1]},
								"west": {"uv": [48, 7], "uv_size": [11, 1]},
								"up": {"uv": [0, 12], "uv_size": [8, 11]},
								"down": {"uv": [8, 23], "uv_size": [8, -11]}
							}
						}
					]
				},
				{
					"name": "group10",
					"parent": "Body",
					"pivot": [-0.0375, 11.98039, -4.04605],
					"rotation": [68.25, 0, 0],
					"cubes": [
						{
							"origin": [-0.125, 11.6392, -5.39191],
							"size": [0.175, 0.1, 2.525],
							"pivot": [-0.0375, 12.5017, -4.91066],
							"rotation": [22.5, 0, 0],
							"uv": {
								"north": {"uv": [46, 58], "uv_size": [0.25, 0.25]},
								"east": {"uv": [15, 49], "uv_size": [2.5, 0.25]},
								"south": {"uv": [58, 46], "uv_size": [0.25, 0.25]},
								"west": {"uv": [49, 15], "uv_size": [2.5, 0.25]},
								"up": {"uv": [49, 18], "uv_size": [0.25, 2.5]},
								"down": {"uv": [19, 51.5], "uv_size": [0.25, -2.5]}
							}
						},
						{
							"origin": [-0.475, 11.6392, -5.39191],
							"size": [0.175, 0.1, 2.025],
							"pivot": [-0.0375, 12.5017, -4.91066],
							"rotation": [22.5, 0, 0],
							"uv": {
								"north": {"uv": [47, 58], "uv_size": [0.25, 0.25]},
								"east": {"uv": [39, 54], "uv_size": [2, 0.25]},
								"south": {"uv": [58, 47], "uv_size": [0.25, 0.25]},
								"west": {"uv": [54, 39], "uv_size": [2, 0.25]},
								"up": {"uv": [54, 40], "uv_size": [0.25, 2]},
								"down": {"uv": [54, 44], "uv_size": [0.25, -2]}
							}
						},
						{
							"origin": [-0.825, 11.6392, -4.66691],
							"size": [0.175, 0.1, 0.6],
							"pivot": [-0.0375, 12.5017, -4.91066],
							"rotation": [22.5, 0, 0],
							"uv": {
								"north": {"uv": [48, 58], "uv_size": [0.25, 0.25]},
								"east": {"uv": [57, 17], "uv_size": [0.5, 0.25]},
								"south": {"uv": [58, 48], "uv_size": [0.25, 0.25]},
								"west": {"uv": [18, 57], "uv_size": [0.5, 0.25]},
								"up": {"uv": [57, 18], "uv_size": [0.25, 0.5]},
								"down": {"uv": [19, 57.5], "uv_size": [0.25, -0.5]}
							}
						},
						{
							"origin": [-0.65, 11.6392, -5.06691],
							"size": [0.175, 0.1, 1.375],
							"pivot": [-0.0375, 12.5017, -4.91066],
							"rotation": [22.5, 0, 0],
							"uv": {
								"north": {"uv": [49, 58], "uv_size": [0.25, 0.25]},
								"east": {"uv": [56, 3], "uv_size": [1.5, 0.25]},
								"south": {"uv": [58, 49], "uv_size": [0.25, 0.25]},
								"west": {"uv": [8, 56], "uv_size": [1.5, 0.25]},
								"up": {"uv": [56, 8], "uv_size": [0.25, 1.5]},
								"down": {"uv": [56, 11.5], "uv_size": [0.25, -1.5]}
							}
						},
						{
							"origin": [0.575, 11.6392, -4.66691],
							"size": [0.175, 0.1, 0.625],
							"pivot": [-0.0375, 12.5017, -4.91066],
							"rotation": [22.5, 0, 0],
							"uv": {
								"north": {"uv": [50, 58], "uv_size": [0.25, 0.25]},
								"east": {"uv": [57, 19], "uv_size": [0.5, 0.25]},
								"south": {"uv": [58, 50], "uv_size": [0.25, 0.25]},
								"west": {"uv": [20, 57], "uv_size": [0.5, 0.25]},
								"up": {"uv": [57, 20], "uv_size": [0.25, 0.5]},
								"down": {"uv": [21, 57.5], "uv_size": [0.25, -0.5]}
							}
						},
						{
							"origin": [0.05, 11.6392, -5.39191],
							"size": [0.175, 0.1, 2.275],
							"pivot": [-0.0375, 12.5017, -4.91066],
							"rotation": [22.5, 0, 0],
							"uv": {
								"north": {"uv": [51, 58], "uv_size": [0.25, 0.25]},
								"east": {"uv": [52, 15], "uv_size": [2.25, 0.25]},
								"south": {"uv": [58, 51], "uv_size": [0.25, 0.25]},
								"west": {"uv": [52, 16], "uv_size": [2.25, 0.25]},
								"up": {"uv": [21, 52], "uv_size": [0.25, 2.25]},
								"down": {"uv": [23, 54.25], "uv_size": [0.25, -2.25]}
							}
						},
						{
							"origin": [0.225, 11.6392, -5.39191],
							"size": [0.175, 0.1, 2],
							"pivot": [-0.0375, 12.5017, -4.91066],
							"rotation": [22.5, 0, 0],
							"uv": {
								"north": {"uv": [52, 58], "uv_size": [0.25, 0.25]},
								"east": {"uv": [43, 54], "uv_size": [2, 0.25]},
								"south": {"uv": [58, 52], "uv_size": [0.25, 0.25]},
								"west": {"uv": [54, 44], "uv_size": [2, 0.25]},
								"up": {"uv": [45, 54], "uv_size": [0.25, 2]},
								"down": {"uv": [54, 47], "uv_size": [0.25, -2]}
							}
						},
						{
							"origin": [0.4, 11.6392, -5.04191],
							"size": [0.175, 0.1, 1.5],
							"pivot": [-0.0375, 12.5017, -4.91066],
							"rotation": [22.5, 0, 0],
							"uv": {
								"north": {"uv": [53, 58], "uv_size": [0.25, 0.25]},
								"east": {"uv": [11, 56], "uv_size": [1.5, 0.25]},
								"south": {"uv": [58, 53], "uv_size": [0.25, 0.25]},
								"west": {"uv": [56, 12], "uv_size": [1.5, 0.25]},
								"up": {"uv": [14, 56], "uv_size": [0.25, 1.5]},
								"down": {"uv": [15, 57.5], "uv_size": [0.25, -1.5]}
							}
						},
						{
							"origin": [-0.3, 11.6392, -5.39191],
							"size": [0.175, 0.1, 2.275],
							"pivot": [-0.0375, 12.5017, -4.91066],
							"rotation": [22.5, 0, 0],
							"uv": {
								"north": {"uv": [54, 58], "uv_size": [0.25, 0.25]},
								"east": {"uv": [37, 52], "uv_size": [2.25, 0.25]},
								"south": {"uv": [58, 54], "uv_size": [0.25, 0.25]},
								"west": {"uv": [40, 52], "uv_size": [2.25, 0.25]},
								"up": {"uv": [24, 52], "uv_size": [0.25, 2.25]},
								"down": {"uv": [25, 54.25], "uv_size": [0.25, -2.25]}
							}
						}
					]
				},
				{
					"name": "bone11",
					"parent": "group10",
					"pivot": [3.275, 12.62178, -9.23325]
				},
				{
					"name": "bipedRightArm",
					"pivot": [-4, 22, 0]
				},
				{
					"name": "armorRightArm",
					"parent": "bipedRightArm",
					"pivot": [-4, 22, 0]
				},
				{
					"name": "RightArm",
					"parent": "armorRightArm",
					"pivot": [-5, 22, 0],
					"cubes": [
						{
							"origin": [-8, 12, -2],
							"size": [4, 12, 4],
							"inflate": 1,
							"uv": {
								"north": {"uv": [8, 31], "uv_size": [4, 12]},
								"east": {"uv": [12, 31], "uv_size": [4, 12]},
								"south": {"uv": [32, 0], "uv_size": [4, 12]},
								"west": {"uv": [32, 12], "uv_size": [4, 12]},
								"up": {"uv": [44, 4], "uv_size": [4, 4]},
								"down": {"uv": [44, 12], "uv_size": [4, -4]}
							}
						}
					]
				},
				{
					"name": "bipedLeftArm",
					"pivot": [4, 22, 0]
				},
				{
					"name": "armorLeftArm",
					"parent": "bipedLeftArm",
					"pivot": [4, 22, 0]
				},
				{
					"name": "LeftArm",
					"parent": "armorLeftArm",
					"pivot": [5, 22, 0],
					"cubes": [
						{
							"origin": [4, 12, -2],
							"size": [4, 12, 4],
							"inflate": 1,
							"uv": {
								"north": {"uv": [16, 32], "uv_size": [4, 12]},
								"east": {"uv": [20, 32], "uv_size": [4, 12]},
								"south": {"uv": [24, 32], "uv_size": [4, 12]},
								"west": {"uv": [32, 24], "uv_size": [4, 12]},
								"up": {"uv": [44, 12], "uv_size": [4, 4]},
								"down": {"uv": [18.75, 40.75], "uv_size": [4, -4]}
							}
						}
					]
				},
				{
					"name": "bipedLeftLeg",
					"pivot": [2, 12, 0]
				},
				{
					"name": "armorLeftLeg",
					"parent": "bipedLeftLeg",
					"pivot": [2, 12, 0]
				},
				{
					"name": "LeftLeg2",
					"parent": "armorLeftLeg",
					"pivot": [1.9, 12, 0],
					"cubes": [
						{
							"origin": [-0.1, 0, -2],
							"size": [4, 12, 4],
							"inflate": 0.5,
							"uv": {
								"north": {"uv": [3.5, 0], "uv_size": [4, 12]},
								"east": {"uv": [12.5, 0], "uv_size": [4, 12]},
								"south": {"uv": [8.25, 0], "uv_size": [4, 12]},
								"west": {"uv": [10.75, 0], "uv_size": [4, 12]},
								"up": {"uv": [1.75, 31.25], "uv_size": [4, 4]},
								"down": {"uv": [30, 30], "uv_size": [4, -4]}
							}
						}
					]
				},
				{
					"name": "armorLeftBoot",
					"parent": "bipedLeftLeg",
					"pivot": [2, 12, 0]
				},
				{
					"name": "LeftLeg",
					"parent": "armorLeftBoot",
					"pivot": [1.9, 12, 0],
					"cubes": [
						{
							"origin": [-0.1, 0, -2],
							"size": [4, 12, 4],
							"inflate": 1,
							"uv": {
								"north": {"uv": [32, 36], "uv_size": [4, 12]},
								"east": {"uv": [36, 36], "uv_size": [4, 12]},
								"south": {"uv": [40, 0], "uv_size": [4, 12]},
								"west": {"uv": [40, 12], "uv_size": [4, 12]},
								"up": {"uv": [44, 20], "uv_size": [4, 4]},
								"down": {"uv": [22, 48], "uv_size": [4, -4]}
							}
						}
					]
				},
				{
					"name": "bipedRightLeg",
					"pivot": [-2, 12, 0]
				},
				{
					"name": "armorRightLeg",
					"parent": "bipedRightLeg",
					"pivot": [-2, 12, 0]
				},
				{
					"name": "RightLeg2",
					"parent": "armorRightLeg",
					"pivot": [-1.9, 12, 0],
					"cubes": [
						{
							"origin": [-3.9, 0, -2],
							"size": [4, 12, 4],
							"inflate": 0.5,
							"uv": {
								"north": {"uv": [0, 0], "uv_size": [4, 12]},
								"east": {"uv": [8, 0], "uv_size": [4, 12]},
								"south": {"uv": [12, 0], "uv_size": [4, 12]},
								"west": {"uv": [8, 20], "uv_size": [4, 12]},
								"up": {"uv": [1, 31.75], "uv_size": [4, 4]},
								"down": {"uv": [8, 20], "uv_size": [4, -4]}
							}
						}
					]
				},
				{
					"name": "armorRightBoot",
					"parent": "bipedRightLeg",
					"pivot": [-2, 12, 0]
				},
				{
					"name": "RightLeg",
					"parent": "armorRightBoot",
					"pivot": [-1.9, 12, 0],
					"cubes": [
						{
							"origin": [-3.9, 0, -2],
							"size": [4, 12, 4],
							"inflate": 1,
							"uv": {
								"north": {"uv": [28, 32], "uv_size": [4, 12]},
								"east": {"uv": [36, 0], "uv_size": [4, 12]},
								"south": {"uv": [36, 12], "uv_size": [4, 12]},
								"west": {"uv": [36, 24], "uv_size": [4, 12]},
								"up": {"uv": [44, 16], "uv_size": [4, 4]},
								"down": {"uv": [18, 48], "uv_size": [4, -4]}
							}
						}
					]
				}
			]
		}
	]
}