{
  "credit": "Made with Blockbench",
  "parent": "builtin/entity",
  "texture_size": [
    128,
    128
  ],
  "display": {
    "thirdperson_righthand": {
      "rotation": [
        90,
        0,
        90
      ],
      "translation": [
        0.5,
        0.5,
        -0.5
      ],
      "scale": [
        0.18,
        0.18,
        0.18
      ]
    },
    "thirdperson_lefthand": {
      "rotation": [
        90,
        0,
        -90
      ],
      "translation": [
        -0.5,
        0.5,
        -0.5
      ],
      "scale": [
        0.18,
        0.18,
        0.18
      ]
    },
    "firstperson_righthand": {
      "rotation": [
        98,
        1.8,
        78.24
      ],
      "translation": [
        -4.5,
        5.5,
        2
      ],
      "scale": [
        0.2,
        0.2,
        0.2
      ]
    },
    "firstperson_lefthand": {
      "rotation": [
        98,
        1.8,
        -102
      ],
      "translation": [
        -6,
        5.25,
        1.75
      ],
      "scale": [
        0.2,
        0.2,
        0.2
      ]
    },
    "ground": {
      "rotation": [
        90,
        0,
        0
      ],
      "translation": [
        0,
        3.75,
        0
      ],
      "scale": [
        0.2,
        0.2,
        0.2
      ]
    },
    "gui": {
      "rotation": [
        91,
        -28,
        0
      ],
      "translation": [
        0.25,
        0.75,
        0
      ],
      "scale": [
        0.32,
        0.32,
        0.32
      ]
    },
    "fixed": {
      "rotation": [
        90,
        -31,
        0
      ],
      "translation": [
        -0.25,
        0.5,
        -1.25
      ],
      "scale": [
        0.4,
        0.4,
        0.4
      ]
    }
  }
}