{
	"format_version": "1.8.0",
	"animations": {
		"animation.tiger.walk": {
			"loop": true,
			"animation_length": 2,
			"bones": {
				"body": {
					"rotation": {
						"0.0": {
							"vector": [0, 0, 0]
						},
						"2.0": {
							"vector": [0, 0, 0]
						}
					},
					"position": {
						"0.0": {
							"vector": [0, 0, 0]
						},
						"0.5": {
							"vector": [0, -0.2, 0]
						},
						"1.0": {
							"vector": [0, 0.2, 0]
						},
						"1.5": {
							"vector": [0, -0.2, 0]
						},
						"2.0": {
							"vector": [0, 0, 0]
						}
					}
				},
				"neck": {
					"rotation": {
						"0.0": {
							"vector": [0, 0, 0]
						},
						"2.0": {
							"vector": [0, 0, 0]
						}
					},
					"position": {
						"0.0": {
							"vector": [0, 0, 0]
						},
						"0.5": {
							"vector": [0, -0.2, 0]
						},
						"1.0": {
							"vector": [0, 0.2, 0]
						},
						"1.5": {
							"vector": [0, -0.2, 0]
						},
						"2.0": {
							"vector": [0, 0, 0]
						}
					}
				},
				"head": {
					"rotation": {
						"0.0": {
							"vector": [0, 0, 0]
						},
						"1.0": {
							"vector": [5, 0, 0]
						},
						"2.0": {
							"vector": [0, 0, 0]
						}
					},
					"position": {
						"0.0": {
							"vector": [0, 0, 0]
						},
						"0.5": {
							"vector": [0, -0.2, 0]
						},
						"1.0": {
							"vector": [0, 0.2, 0]
						},
						"1.5": {
							"vector": [0, -0.2, 0]
						},
						"2.0": {
							"vector": [0, 0, 0]
						}
					}
				},
				"ear1": {
					"rotation": {
						"0.0": {
							"vector": [0, 0, 0]
						},
						"1.0": {
							"vector": [0, 0, 0.63]
						},
						"1.3333": {
							"vector": [0, 0, 7.5]
						},
						"2.0": {
							"vector": [0, 0, 0]
						}
					},
					"position": {
						"0.0": {
							"vector": [0, 0, 0]
						},
						"2.0": {
							"vector": [0, 0, 0]
						}
					}
				},
				"ear2": {
					"rotation": {
						"0.0": {
							"vector": [0, 0, 0]
						},
						"2.0": {
							"vector": [0, 0, 0]
						}
					},
					"position": {
						"0.0": {
							"vector": [0, 0, 0]
						},
						"2.0": {
							"vector": [0, 0, 0]
						}
					}
				},
				"upperjaw": {
					"rotation": {
						"0.0": {
							"vector": [0, 0, 0]
						},
						"2.0": {
							"vector": [0, 0, 0]
						}
					},
					"position": {
						"0.0": {
							"vector": [0, 0, 0]
						},
						"2.0": {
							"vector": [0, 0, 0]
						}
					}
				},
				"lowerjaw": {
					"rotation": {
						"0.0": {
							"vector": [0, 0, 0]
						},
						"1.0": {
							"vector": [10, 0, 0]
						},
						"2.0": {
							"vector": [0, 0, 0]
						}
					},
					"position": {
						"0.0": {
							"vector": [0, 0, 0]
						},
						"2.0": {
							"vector": [0, 0, 0]
						}
					}
				},
				"leg1part1": {
					"rotation": {
						"0.0": {
							"vector": [7.5, 0, 0]
						},
						"0.5": {
							"vector": [17.5, 0, 0]
						},
						"0.75": {
							"vector": [-2.5, 0, 0]
						},
						"1.0": {
							"vector": [-12.5, 0, 0]
						},
						"1.25": {
							"vector": [0, 0, 0]
						},
						"1.5": {
							"vector": [10, 0, 0]
						},
						"2.0": {
							"vector": [7.5, 0, 0]
						}
					},
					"position": {
						"0.0": {
							"vector": [0, 0, 0]
						},
						"0.75": {
							"vector": [0, -0.2, 0]
						},
						"1.0": {
							"vector": [0, -0.7, 0]
						},
						"2.0": {
							"vector": [0, 0, 0]
						}
					}
				},
				"leg1part2": {
					"rotation": {
						"0.0": {
							"vector": [5, 0, 0]
						},
						"0.25": {
							"vector": [-35, 0, 0]
						},
						"0.5": {
							"vector": [-57.5, 0, 0]
						},
						"0.75": {
							"vector": [-40, 0, 0]
						},
						"1.0": {
							"vector": [-22.5, 0, 0]
						},
						"1.25": {
							"vector": [-2.5, 0, 0]
						},
						"1.5": {
							"vector": [12.5, 0, 0]
						},
						"2.0": {
							"vector": [5, 0, 0]
						}
					},
					"position": {
						"0.0": {
							"vector": [0, 0, 0.5]
						},
						"0.25": {
							"vector": [0, 0.7, -0.4]
						},
						"0.5": {
							"vector": [0, 1.5, -0.4]
						},
						"0.75": {
							"vector": [0, 0.7, -0.7]
						},
						"1.0": {
							"vector": [0, -0.3, -1]
						},
						"1.25": {
							"vector": [0, -0.3, 0]
						},
						"1.5": {
							"vector": [0, -0.3, 0.7]
						},
						"2.0": {
							"vector": [0, 0, 0.5]
						}
					}
				},
				"foot1": {
					"rotation": {
						"0.0": {
							"vector": [0, 0, 0]
						},
						"0.5": {
							"vector": [62.5, 0, 0]
						},
						"0.75": {
							"vector": [30, 0, 0]
						},
						"1.0": {
							"vector": [0, 0, 0]
						},
						"2.0": {
							"vector": [0, 0, 0]
						}
					},
					"position": {
						"0.0": {
							"vector": [0, 0, 0.7]
						},
						"0.25": {
							"vector": [0, 1.1, -1.2]
						},
						"0.5": {
							"vector": [0, 2.3, -1.4]
						},
						"0.75": {
							"vector": [0, 1.1, -1.8]
						},
						"1.0": {
							"vector": [0, 0, -1.5]
						},
						"1.25": {
							"vector": [0, 0, 0]
						},
						"1.5": {
							"vector": [0, 0, 1]
						},
						"2.0": {
							"vector": [0, 0, 0.7]
						}
					}
				},
				"leg2part1": {
					"rotation": {
						"0.0": {
							"vector": [0, 0, 0]
						},
						"0.25": {
							"vector": [10, 0, 0]
						},
						"0.5": {
							"vector": [15, 0, 0]
						},
						"1.0": {
							"vector": [27.5, 0, 0]
						},
						"1.5": {
							"vector": [40, 0, 0]
						},
						"1.75": {
							"vector": [2.5, 0, 0]
						},
						"2.0": {
							"vector": [0, 0, 0]
						}
					},
					"position": {
						"0.0": {
							"vector": [0, 0, 0]
						},
						"0.25": {
							"vector": [0, -0.15, 0]
						},
						"0.5": {
							"vector": [0, -0.1, 0]
						},
						"1.0": {
							"vector": [0, -0.7, 0]
						},
						"1.75": {
							"vector": [0, -0.58, 0]
						},
						"2.0": {
							"vector": [0, 0, 0]
						}
					}
				},
				"leg2part2": {
					"rotation": {
						"0.0": {
							"vector": [0, 0, 0]
						},
						"0.25": {
							"vector": [2.5, 0, 0]
						},
						"0.5": {
							"vector": [5, 0, 0]
						},
						"1.0": {
							"vector": [17.5, 0, 0]
						},
						"1.25": {
							"vector": [-20, 0, 0]
						},
						"1.5": {
							"vector": [-40, 0, 0]
						},
						"1.75": {
							"vector": [-27.5, 0, 0]
						},
						"2.0": {
							"vector": [0, 0, 0]
						}
					},
					"position": {
						"0.0": {
							"vector": [0, 0, 0]
						},
						"0.25": {
							"vector": [0, 0, 0.5]
						},
						"0.5": {
							"vector": [0, 0.1, 0.6]
						},
						"1.0": {
							"vector": [0, -0.1, 1.5]
						},
						"1.25": {
							"vector": [0, 0.2, 0.6]
						},
						"1.5": {
							"vector": [0, 0.9, 0.6]
						},
						"1.75": {
							"vector": [0, -0.15, -0.8]
						},
						"2.0": {
							"vector": [0, 0, 0]
						}
					}
				},
				"foot2": {
					"rotation": {
						"0.0": {
							"vector": [0, 0, 0]
						},
						"1.5": {
							"vector": [52.5, 0, 0]
						},
						"1.75": {
							"vector": [0, 0, 0]
						},
						"2.0": {
							"vector": [0, 0, 0]
						}
					},
					"position": {
						"0.0": {
							"vector": [0, 0, 0]
						},
						"0.25": {
							"vector": [0, 0, 0.7]
						},
						"0.5": {
							"vector": [0, 0, 0.8]
						},
						"1.0": {
							"vector": [0, 0, 2.3]
						},
						"1.25": {
							"vector": [0, 0.5, 0.1]
						},
						"1.5": {
							"vector": [0, 1.3, -0.2]
						},
						"1.75": {
							"vector": [0, 0.15, -1.5]
						},
						"2.0": {
							"vector": [0, 0, 0]
						}
					}
				},
				"leg3part1": {
					"rotation": {
						"0.0": {
							"vector": [-22.5, 0, 0]
						},
						"1.0": {
							"vector": [-20, 0, 0]
						},
						"1.25": {
							"vector": [-5, 0, 0]
						},
						"1.5": {
							"vector": [10, 0, 0]
						},
						"2.0": {
							"vector": [-22.5, 0, 0]
						}
					},
					"position": {
						"0.0": {
							"vector": [0, -0.8, 0]
						},
						"1.0": {
							"vector": [0, -0.8, -0.4]
						},
						"1.25": {
							"vector": [0, -0.5, -0.4]
						},
						"1.5": {
							"vector": [0, -0.65, -0.2]
						},
						"2.0": {
							"vector": [0, -0.8, 0]
						}
					}
				},
				"leg3part2": {
					"rotation": {
						"0.0": {
							"vector": [27.5, 0, 0]
						},
						"0.25": {
							"vector": [-20, 0, 0]
						},
						"1.0": {
							"vector": [-15, 0, 0]
						},
						"1.25": {
							"vector": [10, 0, 0]
						},
						"1.5": {
							"vector": [22.5, 0, 0]
						},
						"2.0": {
							"vector": [27.5, 0, 0]
						}
					},
					"position": {
						"0.0": {
							"vector": [0, 0.6, -0.1]
						},
						"0.25": {
							"vector": [0, -0.5, -1.1]
						},
						"1.0": {
							"vector": [0, -0.5, -0.9]
						},
						"1.25": {
							"vector": [0, -0.1, -0.5]
						},
						"1.5": {
							"vector": [0, -0.1, 0.1]
						},
						"2.0": {
							"vector": [0, 0.6, -0.1]
						}
					}
				},
				"leg3part3": {
					"rotation": {
						"0.0": {
							"vector": [-55, 0, 0]
						},
						"0.4167": {
							"vector": [-30, 0, 0]
						},
						"1.0": {
							"vector": [-30, 0, 0]
						},
						"1.25": {
							"vector": [-15, 0, 0]
						},
						"1.5": {
							"vector": [7.5, 0, 0]
						},
						"2.0": {
							"vector": [-55, 0, 0]
						}
					},
					"position": {
						"0.0": {
							"vector": [0, 0.9, -0.7]
						},
						"0.25": {
							"vector": [0, -0.5, -2.1]
						},
						"1.0": {
							"vector": [0, -0.3, -1.9]
						},
						"1.25": {
							"vector": [0, -0.3, -1.6]
						},
						"1.5": {
							"vector": [0, -0.3, 0.4]
						},
						"2.0": {
							"vector": [0, 0.9, -0.7]
						}
					}
				},
				"foot3": {
					"rotation": {
						"0.0": {
							"vector": [62.5, 0, 0]
						},
						"0.25": {
							"vector": [0, 0, 0]
						},
						"1.5": {
							"vector": [0, 0, 0]
						},
						"2.0": {
							"vector": [62.5, 0, 0]
						}
					},
					"position": {
						"0.0": {
							"vector": [0, 2.1, -1.6]
						},
						"0.25": {
							"vector": [0, 0.2, -2.8]
						},
						"1.0": {
							"vector": [0, 0.2, -2.2]
						},
						"1.25": {
							"vector": [0, 0.2, -2]
						},
						"1.5": {
							"vector": [0, 0.2, 0.3]
						},
						"2.0": {
							"vector": [0, 2.1, -1.6]
						}
					}
				},
				"leg4part1": {
					"rotation": {
						"0.0": {
							"vector": [0, 0, 0]
						},
						"0.25": {
							"vector": [2.5, 0, 0]
						},
						"0.5": {
							"vector": [12.5, 0, 0]
						},
						"0.75": {
							"vector": [10, 0, 0]
						},
						"1.0": {
							"vector": [15, 0, 0]
						},
						"1.25": {
							"vector": [-7.5, 0, 0]
						},
						"1.5": {
							"vector": [-5, 0, 0]
						},
						"2.0": {
							"vector": [0, 0, 0]
						}
					},
					"position": {
						"0.0": {
							"vector": [0, 0, 0]
						},
						"2.0": {
							"vector": [0, 0, 0]
						}
					}
				},
				"leg4part2": {
					"rotation": {
						"0.0": {
							"vector": [0, 0, 0]
						},
						"0.25": {
							"vector": [2.5, 0, 0]
						},
						"0.5": {
							"vector": [10, 0, 0]
						},
						"0.75": {
							"vector": [32.5, 0, 0]
						},
						"1.0": {
							"vector": [52.5, 0, 0]
						},
						"1.25": {
							"vector": [27.5, 0, 0]
						},
						"1.5": {
							"vector": [-40, 0, 0]
						},
						"2.0": {
							"vector": [0, 0, 0]
						}
					},
					"position": {
						"0.0": {
							"vector": [0, 0, 0]
						},
						"0.25": {
							"vector": [0, 0, 0.2]
						},
						"0.5": {
							"vector": [0, 0, 0.7]
						},
						"0.75": {
							"vector": [0, 0.6, 0.7]
						},
						"1.0": {
							"vector": [0, 0.9, 0.7]
						},
						"1.25": {
							"vector": [0, 0.9, -0.1]
						},
						"1.5": {
							"vector": [0, -0.8, -0.6]
						},
						"2.0": {
							"vector": [0, 0, 0]
						}
					}
				},
				"leg4part3": {
					"rotation": {
						"0.0": {
							"vector": [0, 0, 0]
						},
						"0.25": {
							"vector": [2.5, 0, 0]
						},
						"0.5": {
							"vector": [12.5, 0, 0]
						},
						"0.75": {
							"vector": [-20, 0, 0]
						},
						"1.0": {
							"vector": [-42.5, 0, 0]
						},
						"1.25": {
							"vector": [-55, 0, 0]
						},
						"1.5": {
							"vector": [-37.5, 0, 0]
						},
						"2.0": {
							"vector": [0, 0, 0]
						}
					},
					"position": {
						"0.0": {
							"vector": [0, 0, 0]
						},
						"0.25": {
							"vector": [0, 0, 0.3]
						},
						"0.5": {
							"vector": [0, 0, 0.8]
						},
						"0.75": {
							"vector": [0, 1, 0.8]
						},
						"1.0": {
							"vector": [0, 1, 0.3]
						},
						"1.25": {
							"vector": [0, 1.2, -1.3]
						},
						"1.5": {
							"vector": [0, -0.8, -2.2]
						},
						"2.0": {
							"vector": [0, 0, 0]
						}
					}
				},
				"foot4": {
					"rotation": {
						"0.0": {
							"vector": [0, 0, 0]
						},
						"0.75": {
							"vector": [20, 0, 0]
						},
						"1.0": {
							"vector": [47.5, 0, 0]
						},
						"1.25": {
							"vector": [62.5, 0, 0]
						},
						"1.5": {
							"vector": [0, 0, 0]
						},
						"2.0": {
							"vector": [0, 0, 0]
						}
					},
					"position": {
						"0.0": {
							"vector": [0, 0, 0]
						},
						"0.25": {
							"vector": [0, 0, 0.3]
						},
						"0.5": {
							"vector": [0, 0, 1.1]
						},
						"0.75": {
							"vector": [0, 1.2, 0.6]
						},
						"1.0": {
							"vector": [0, 1.7, -0.5]
						},
						"1.25": {
							"vector": [0, 2.3, -2.1]
						},
						"1.5": {
							"vector": [0, 0, -2.6]
						},
						"2.0": {
							"vector": [0, 0, 0]
						}
					}
				},
				"tail": {
					"rotation": {
						"0.0": {
							"vector": [0, 0, 0]
						},
						"0.5": {
							"vector": [0, 0, -5]
						},
						"1.5": {
							"vector": [0, 0, 5]
						},
						"2.0": {
							"vector": [0, 0, 0]
						}
					},
					"position": {
						"0.0": {
							"vector": [0, 0, 0]
						},
						"0.5": {
							"vector": [0.3, -0.2, 0]
						},
						"1.0": {
							"vector": [0, 0.2, 0]
						},
						"1.5": {
							"vector": [-0.4, -0.2, 0]
						},
						"2.0": {
							"vector": [0, 0, 0]
						}
					}
				}
			}
		},
		"animation.tiger.idle": {
			"loop": true,
			"animation_length": 3.68,
			"bones": {
				"body": {
					"position": {
						"vector": [0, "math.sin(query.anim_time*150)*0.15", 0]
					}
				},
				"head": {
					"position": {
						"vector": [0, "math.sin(query.anim_time*145)*0.15", 0]
					}
				},
				"tail": {
					"rotation": {
						"vector": [0, "math.sin(query.anim_time*150)*15", 0]
					}
				}
			}
		},
		"animation.tiger.sitting": {
			"loop": true,
			"bones": {
				"body": {
					"rotation": {
						"vector": [-20, 0, 0]
					},
					"position": {
						"vector": [0, -2, 0]
					}
				},
				"leg3part1": {
					"position": {
						"vector": [0, -2, 0]
					}
				},
				"leg3part2": {
					"position": {
						"vector": [0, 0, 0]
					}
				},
				"leg3part3": {
					"rotation": {
						"vector": [-30, 0, 0]
					},
					"position": {
						"vector": [0, -0.9, -1.8]
					}
				},
				"foot3": {
					"position": {
						"vector": [0, 0, -2]
					}
				},
				"leg4part1": {
					"position": {
						"vector": [0, -2, 0]
					}
				},
				"leg4part3": {
					"rotation": {
						"vector": [-20, 0, 0]
					},
					"position": {
						"vector": [0, -1, -2]
					}
				},
				"foot4": {
					"position": {
						"vector": [0, 0, -2]
					}
				},
				"tail": {
					"rotation": {
						"vector": [17.5, 0, 0]
					},
					"position": {
						"vector": [0, -5, 0]
					}
				}
			}
		}
	},
	"geckolib_format_version": 2
}