{
	"format_version": "1.12.0",
	"minecraft:geometry": [
		{
			"description": {
				"identifier": "geometry.DesertEagelTest3",
				"texture_width": 128,
				"texture_height": 128,
				"visible_bounds_width": 6,
				"visible_bounds_height": 1.5,
				"visible_bounds_offset": [0, 0.25, 0]
			},
			"bones": [
				{
					"name": "voxel_file",
					"pivot": [0, 8, 0],
					"cubes": [
						{
							"origin": [-14, 2, -8],
							"size": [2, 3, 1],
							"uv": {
								"north": {"uv": [40, 74], "uv_size": [2, 3]},
								"east": {"uv": [28, 81], "uv_size": [1, 3]},
								"south": {"uv": [44, 74], "uv_size": [2, 3]},
								"west": {"uv": [29, 81], "uv_size": [1, 3]},
								"up": {"uv": [43, 84], "uv_size": [2, 1]},
								"down": {"uv": [45, 85], "uv_size": [2, -1]}
							}
						},
						{
							"origin": [-5, 1, -5],
							"size": [1, 1, 1],
							"uv": {
								"north": {"uv": [85, 81], "uv_size": [1, 1]},
								"east": {"uv": [82, 85], "uv_size": [1, 1]},
								"south": {"uv": [85, 82], "uv_size": [1, 1]},
								"west": {"uv": [83, 85], "uv_size": [1, 1]},
								"up": {"uv": [85, 83], "uv_size": [1, 1]},
								"down": {"uv": [84, 86], "uv_size": [1, -1]}
							}
						},
						{
							"origin": [-10, 1, -7],
							"size": [5, 1, 1],
							"uv": {
								"north": {"uv": [76, 64], "uv_size": [5, 1]},
								"east": {"uv": [85, 79], "uv_size": [1, 1]},
								"south": {"uv": [76, 65], "uv_size": [5, 1]},
								"west": {"uv": [80, 85], "uv_size": [1, 1]},
								"up": {"uv": [76, 66], "uv_size": [5, 1]},
								"down": {"uv": [76, 68], "uv_size": [5, -1]}
							}
						},
						{
							"origin": [-8, 0, -2],
							"size": [15, 1, 1],
							"uv": {
								"north": {"uv": [58, 76], "uv_size": [5, 1]},
								"east": {"uv": [85, 78], "uv_size": [1, 1]},
								"south": {"uv": [76, 62], "uv_size": [5, 1]},
								"west": {"uv": [79, 85], "uv_size": [1, 1]},
								"up": {"uv": [63, 76], "uv_size": [5, 1]},
								"down": {"uv": [76, 64], "uv_size": [5, -1]}
							}
						},
						{
							"origin": [-19, 0, -3],
							"size": [4, 1, 2],
							"uv": {
								"north": {"uv": [58, 79], "uv_size": [4, 1]},
								"east": {"uv": [84, 38], "uv_size": [2, 1]},
								"south": {"uv": [79, 58], "uv_size": [4, 1]},
								"west": {"uv": [84, 39], "uv_size": [2, 1]},
								"up": {"uv": [53, 71], "uv_size": [4, 2]},
								"down": {"uv": [0, 74], "uv_size": [4, -2]}
							}
						},
						{
							"origin": [-1, 1, -4],
							"size": [2, 1, 1],
							"uv": {
								"north": {"uv": [33, 84], "uv_size": [2, 1]},
								"east": {"uv": [85, 72], "uv_size": [1, 1]},
								"south": {"uv": [84, 35], "uv_size": [2, 1]},
								"west": {"uv": [73, 85], "uv_size": [1, 1]},
								"up": {"uv": [84, 36], "uv_size": [2, 1]},
								"down": {"uv": [84, 38], "uv_size": [2, -1]}
							}
						},
						{
							"origin": [-8, 0, -3],
							"size": [23, 1, 1],
							"uv": {
								"north": {"uv": [71, 59], "uv_size": [8, 1]},
								"east": {"uv": [85, 71], "uv_size": [1, 1]},
								"south": {"uv": [71, 60], "uv_size": [8, 1]},
								"west": {"uv": [72, 85], "uv_size": [1, 1]},
								"up": {"uv": [71, 61], "uv_size": [8, 1]},
								"down": {"uv": [64, 72], "uv_size": [8, -1]}
							}
						},
						{
							"origin": [-19, 5, -3],
							"size": [4, 1, 2],
							"uv": {
								"north": {"uv": [79, 49], "uv_size": [4, 1]},
								"east": {"uv": [84, 14], "uv_size": [2, 1]},
								"south": {"uv": [50, 79], "uv_size": [4, 1]},
								"west": {"uv": [84, 15], "uv_size": [2, 1]},
								"up": {"uv": [36, 71], "uv_size": [4, 2]},
								"down": {"uv": [46, 73], "uv_size": [4, -2]}
							}
						},
						{
							"origin": [11, 4, -5],
							"size": [3, 1, 1],
							"uv": {
								"north": {"uv": [81, 38], "uv_size": [3, 1]},
								"east": {"uv": [85, 64], "uv_size": [1, 1]},
								"south": {"uv": [81, 39], "uv_size": [3, 1]},
								"west": {"uv": [65, 85], "uv_size": [1, 1]},
								"up": {"uv": [81, 42], "uv_size": [3, 1]},
								"down": {"uv": [81, 44], "uv_size": [3, -1]}
							}
						},
						{
							"origin": [-11, 5, -2],
							"size": [18, 1, 1],
							"uv": {
								"north": {"uv": [56, 2], "uv_size": [17, 1]},
								"east": {"uv": [85, 63], "uv_size": [1, 1]},
								"south": {"uv": [62, 30], "uv_size": [17, 1]},
								"west": {"uv": [64, 85], "uv_size": [1, 1]},
								"up": {"uv": [62, 31], "uv_size": [17, 1]},
								"down": {"uv": [62, 33], "uv_size": [17, -1]}
							}
						},
						{
							"origin": [14, 5, -3],
							"size": [1, 1, 1],
							"uv": {
								"north": {"uv": [85, 60], "uv_size": [1, 1]},
								"east": {"uv": [61, 85], "uv_size": [1, 1]},
								"south": {"uv": [85, 61], "uv_size": [1, 1]},
								"west": {"uv": [62, 85], "uv_size": [1, 1]},
								"up": {"uv": [85, 62], "uv_size": [1, 1]},
								"down": {"uv": [63, 86], "uv_size": [1, -1]}
							}
						},
						{
							"origin": [-11, 5, -5],
							"size": [25, 1, 3],
							"uv": {
								"north": {"uv": [54, 3], "uv_size": [25, 1]},
								"east": {"uv": [37, 81], "uv_size": [3, 1]},
								"south": {"uv": [54, 4], "uv_size": [25, 1]},
								"west": {"uv": [81, 37], "uv_size": [3, 1]},
								"up": {"uv": [23, 12], "uv_size": [25, 3]},
								"down": {"uv": [23, 18], "uv_size": [25, -3]}
							}
						},
						{
							"origin": [-5, 2, 1],
							"size": [1, 2, 2],
							"uv": {
								"north": {"uv": [84, 8], "uv_size": [1, 2]},
								"east": {"uv": [44, 79], "uv_size": [2, 2]},
								"south": {"uv": [11, 84], "uv_size": [1, 2]},
								"west": {"uv": [79, 44], "uv_size": [2, 2]},
								"up": {"uv": [12, 84], "uv_size": [1, 2]},
								"down": {"uv": [84, 14], "uv_size": [1, -2]}
							}
						},
						{
							"origin": [-4, 2, 1],
							"size": [2, 2, 3],
							"uv": {
								"north": {"uv": [39, 79], "uv_size": [2, 2]},
								"east": {"uv": [60, 73], "uv_size": [3, 2]},
								"south": {"uv": [79, 42], "uv_size": [2, 2]},
								"west": {"uv": [63, 73], "uv_size": [3, 2]},
								"up": {"uv": [66, 73], "uv_size": [2, 3]},
								"down": {"uv": [68, 76], "uv_size": [2, -3]}
							}
						},
						{
							"origin": [-18, 5, 5],
							"size": [1, 1, 1],
							"uv": {
								"north": {"uv": [85, 57], "uv_size": [1, 1]},
								"east": {"uv": [58, 85], "uv_size": [1, 1]},
								"south": {"uv": [85, 58], "uv_size": [1, 1]},
								"west": {"uv": [59, 85], "uv_size": [1, 1]},
								"up": {"uv": [85, 59], "uv_size": [1, 1]},
								"down": {"uv": [60, 86], "uv_size": [1, -1]}
							}
						},
						{
							"origin": [-19, 5, 7],
							"size": [1, 1, 3],
							"uv": {
								"north": {"uv": [85, 56], "uv_size": [1, 1]},
								"east": {"uv": [81, 30], "uv_size": [3, 1]},
								"south": {"uv": [57, 85], "uv_size": [1, 1]},
								"west": {"uv": [31, 81], "uv_size": [3, 1]},
								"up": {"uv": [25, 81], "uv_size": [1, 3]},
								"down": {"uv": [26, 84], "uv_size": [1, -3]}
							}
						},
						{
							"origin": [-14, 5, 4],
							"size": [1, 1, 1],
							"uv": {
								"north": {"uv": [85, 53], "uv_size": [1, 1]},
								"east": {"uv": [54, 85], "uv_size": [1, 1]},
								"south": {"uv": [85, 54], "uv_size": [1, 1]},
								"west": {"uv": [55, 85], "uv_size": [1, 1]},
								"up": {"uv": [85, 55], "uv_size": [1, 1]},
								"down": {"uv": [56, 86], "uv_size": [1, -1]}
							}
						},
						{
							"origin": [-13, 5, 3],
							"size": [5, 1, 2],
							"uv": {
								"north": {"uv": [76, 50], "uv_size": [5, 1]},
								"east": {"uv": [6, 84], "uv_size": [2, 1]},
								"south": {"uv": [76, 51], "uv_size": [5, 1]},
								"west": {"uv": [84, 7], "uv_size": [2, 1]},
								"up": {"uv": [67, 42], "uv_size": [5, 2]},
								"down": {"uv": [67, 46], "uv_size": [5, -2]}
							}
						},
						{
							"origin": [-16, 5, 0],
							"size": [9, 1, 3],
							"uv": {
								"north": {"uv": [68, 7], "uv_size": [9, 1]},
								"east": {"uv": [81, 17], "uv_size": [3, 1]},
								"south": {"uv": [68, 24], "uv_size": [9, 1]},
								"west": {"uv": [81, 27], "uv_size": [3, 1]},
								"up": {"uv": [53, 30], "uv_size": [9, 3]},
								"down": {"uv": [53, 36], "uv_size": [9, -3]}
							}
						},
						{
							"origin": [-16, 5, 9],
							"size": [7, 1, 5],
							"uv": {
								"north": {"uv": [72, 43], "uv_size": [7, 1]},
								"east": {"uv": [25, 76], "uv_size": [5, 1]},
								"south": {"uv": [72, 44], "uv_size": [7, 1]},
								"west": {"uv": [34, 76], "uv_size": [5, 1]},
								"up": {"uv": [20, 33], "uv_size": [7, 5]},
								"down": {"uv": [40, 49], "uv_size": [7, -5]}
							}
						},
						{
							"origin": [-8, 0, 0],
							"size": [1, 1, 3],
							"uv": {
								"north": {"uv": [85, 52], "uv_size": [1, 1]},
								"east": {"uv": [81, 7], "uv_size": [3, 1]},
								"south": {"uv": [53, 85], "uv_size": [1, 1]},
								"west": {"uv": [81, 16], "uv_size": [3, 1]},
								"up": {"uv": [81, 21], "uv_size": [1, 3]},
								"down": {"uv": [81, 27], "uv_size": [1, -3]}
							}
						},
						{
							"origin": [-9, 0, 6],
							"size": [1, 1, 3],
							"uv": {
								"north": {"uv": [85, 51], "uv_size": [1, 1]},
								"east": {"uv": [81, 4], "uv_size": [3, 1]},
								"south": {"uv": [52, 85], "uv_size": [1, 1]},
								"west": {"uv": [81, 5], "uv_size": [3, 1]},
								"up": {"uv": [81, 13], "uv_size": [1, 3]},
								"down": {"uv": [20, 84], "uv_size": [1, -3]}
							}
						},
						{
							"origin": [-19, 0, 9],
							"size": [1, 1, 1],
							"uv": {
								"north": {"uv": [48, 85], "uv_size": [1, 1]},
								"east": {"uv": [49, 85], "uv_size": [1, 1]},
								"south": {"uv": [85, 49], "uv_size": [1, 1]},
								"west": {"uv": [50, 85], "uv_size": [1, 1]},
								"up": {"uv": [85, 50], "uv_size": [1, 1]},
								"down": {"uv": [51, 86], "uv_size": [1, -1]}
							}
						},
						{
							"origin": [-18, 0, 5],
							"size": [1, 1, 1],
							"uv": {
								"north": {"uv": [44, 85], "uv_size": [1, 1]},
								"east": {"uv": [85, 44], "uv_size": [1, 1]},
								"south": {"uv": [45, 85], "uv_size": [1, 1]},
								"west": {"uv": [46, 85], "uv_size": [1, 1]},
								"up": {"uv": [47, 85], "uv_size": [1, 1]},
								"down": {"uv": [85, 48], "uv_size": [1, -1]}
							}
						},
						{
							"origin": [-16, 0, 0],
							"size": [1, 1, 3],
							"uv": {
								"north": {"uv": [43, 85], "uv_size": [1, 1]},
								"east": {"uv": [80, 79], "uv_size": [3, 1]},
								"south": {"uv": [85, 43], "uv_size": [1, 1]},
								"west": {"uv": [0, 81], "uv_size": [3, 1]},
								"up": {"uv": [81, 1], "uv_size": [1, 3]},
								"down": {"uv": [81, 13], "uv_size": [1, -3]}
							}
						},
						{
							"origin": [-17, 0, 3],
							"size": [2, 1, 3],
							"uv": {
								"north": {"uv": [84, 0], "uv_size": [2, 1]},
								"east": {"uv": [78, 80], "uv_size": [3, 1]},
								"south": {"uv": [84, 5], "uv_size": [2, 1]},
								"west": {"uv": [80, 78], "uv_size": [3, 1]},
								"up": {"uv": [55, 73], "uv_size": [2, 3]},
								"down": {"uv": [58, 76], "uv_size": [2, -3]}
							}
						},
						{
							"origin": [-15, 0, -3],
							"size": [7, 1, 9],
							"uv": {
								"north": {"uv": [72, 41], "uv_size": [7, 1]},
								"east": {"uv": [67, 67], "uv_size": [9, 1]},
								"south": {"uv": [72, 42], "uv_size": [7, 1]},
								"west": {"uv": [68, 6], "uv_size": [9, 1]},
								"up": {"uv": [6, 33], "uv_size": [7, 9]},
								"down": {"uv": [13, 42], "uv_size": [7, -9]}
							}
						},
						{
							"origin": [-16, 0, 10],
							"size": [7, 1, 4],
							"uv": {
								"north": {"uv": [72, 39], "uv_size": [7, 1]},
								"east": {"uv": [79, 6], "uv_size": [4, 1]},
								"south": {"uv": [72, 40], "uv_size": [7, 1]},
								"west": {"uv": [79, 32], "uv_size": [4, 1]},
								"up": {"uv": [18, 52], "uv_size": [7, 4]},
								"down": {"uv": [25, 56], "uv_size": [7, -4]}
							}
						},
						{
							"origin": [-7, 4, 6],
							"size": [1, 1, 1],
							"uv": {
								"north": {"uv": [37, 85], "uv_size": [1, 1]},
								"east": {"uv": [38, 85], "uv_size": [1, 1]},
								"south": {"uv": [40, 85], "uv_size": [1, 1]},
								"west": {"uv": [85, 40], "uv_size": [1, 1]},
								"up": {"uv": [85, 41], "uv_size": [1, 1]},
								"down": {"uv": [85, 43], "uv_size": [1, -1]}
							}
						},
						{
							"origin": [-7, 0, 15],
							"size": [1, 2, 1],
							"uv": {
								"north": {"uv": [0, 84], "uv_size": [1, 2]},
								"east": {"uv": [2, 84], "uv_size": [1, 2]},
								"south": {"uv": [3, 84], "uv_size": [1, 2]},
								"west": {"uv": [84, 3], "uv_size": [1, 2]},
								"up": {"uv": [35, 85], "uv_size": [1, 1]},
								"down": {"uv": [36, 86], "uv_size": [1, -1]}
							}
						},
						{
							"origin": [-19, 1, 6],
							"size": [1, 1, 1],
							"uv": {
								"north": {"uv": [32, 85], "uv_size": [1, 1]},
								"east": {"uv": [85, 32], "uv_size": [1, 1]},
								"south": {"uv": [33, 85], "uv_size": [1, 1]},
								"west": {"uv": [85, 33], "uv_size": [1, 1]},
								"up": {"uv": [34, 85], "uv_size": [1, 1]},
								"down": {"uv": [85, 35], "uv_size": [1, -1]}
							}
						},
						{
							"origin": [-8, 2, 7],
							"size": [1, 1, 2],
							"uv": {
								"north": {"uv": [85, 30], "uv_size": [1, 1]},
								"east": {"uv": [83, 80], "uv_size": [2, 1]},
								"south": {"uv": [31, 85], "uv_size": [1, 1]},
								"west": {"uv": [81, 83], "uv_size": [2, 1]},
								"up": {"uv": [83, 81], "uv_size": [1, 2]},
								"down": {"uv": [83, 85], "uv_size": [1, -2]}
							}
						},
						{
							"origin": [-8, 3, 6],
							"size": [1, 1, 3],
							"uv": {
								"north": {"uv": [85, 29], "uv_size": [1, 1]},
								"east": {"uv": [80, 71], "uv_size": [3, 1]},
								"south": {"uv": [30, 85], "uv_size": [1, 1]},
								"west": {"uv": [80, 72], "uv_size": [3, 1]},
								"up": {"uv": [80, 75], "uv_size": [1, 3]},
								"down": {"uv": [76, 83], "uv_size": [1, -3]}
							}
						},
						{
							"origin": [-7, 3, 5],
							"size": [1, 1, 2],
							"uv": {
								"north": {"uv": [85, 27], "uv_size": [1, 1]},
								"east": {"uv": [83, 77], "uv_size": [2, 1]},
								"south": {"uv": [85, 28], "uv_size": [1, 1]},
								"west": {"uv": [78, 83], "uv_size": [2, 1]},
								"up": {"uv": [83, 78], "uv_size": [1, 2]},
								"down": {"uv": [80, 85], "uv_size": [1, -2]}
							}
						},
						{
							"origin": [-8, 2, 5],
							"size": [2, 1, 2],
							"uv": {
								"north": {"uv": [83, 69], "uv_size": [2, 1]},
								"east": {"uv": [83, 74], "uv_size": [2, 1]},
								"south": {"uv": [75, 83], "uv_size": [2, 1]},
								"west": {"uv": [83, 75], "uv_size": [2, 1]},
								"up": {"uv": [36, 79], "uv_size": [2, 2]},
								"down": {"uv": [79, 40], "uv_size": [2, -2]}
							}
						},
						{
							"origin": [-18, 2, 3],
							"size": [1, 2, 2],
							"uv": {
								"north": {"uv": [83, 71], "uv_size": [1, 2]},
								"east": {"uv": [34, 79], "uv_size": [2, 2]},
								"south": {"uv": [72, 83], "uv_size": [1, 2]},
								"west": {"uv": [79, 35], "uv_size": [2, 2]},
								"up": {"uv": [73, 83], "uv_size": [1, 2]},
								"down": {"uv": [74, 85], "uv_size": [1, -2]}
							}
						},
						{
							"origin": [-20, 2, 8],
							"size": [1, 2, 2],
							"uv": {
								"north": {"uv": [68, 83], "uv_size": [1, 2]},
								"east": {"uv": [79, 30], "uv_size": [2, 2]},
								"south": {"uv": [69, 83], "uv_size": [1, 2]},
								"west": {"uv": [32, 79], "uv_size": [2, 2]},
								"up": {"uv": [70, 83], "uv_size": [1, 2]},
								"down": {"uv": [71, 85], "uv_size": [1, -2]}
							}
						},
						{
							"origin": [-21, 2, 11],
							"size": [1, 3, 1],
							"uv": {
								"north": {"uv": [70, 80], "uv_size": [1, 3]},
								"east": {"uv": [71, 80], "uv_size": [1, 3]},
								"south": {"uv": [74, 80], "uv_size": [1, 3]},
								"west": {"uv": [75, 80], "uv_size": [1, 3]},
								"up": {"uv": [85, 26], "uv_size": [1, 1]},
								"down": {"uv": [27, 86], "uv_size": [1, -1]}
							}
						},
						{
							"origin": [2, 3, -1],
							"size": [1, 1, 1],
							"uv": {
								"north": {"uv": [23, 85], "uv_size": [1, 1]},
								"east": {"uv": [85, 23], "uv_size": [1, 1]},
								"south": {"uv": [24, 85], "uv_size": [1, 1]},
								"west": {"uv": [25, 85], "uv_size": [1, 1]},
								"up": {"uv": [85, 25], "uv_size": [1, 1]},
								"down": {"uv": [26, 86], "uv_size": [1, -1]}
							}
						},
						{
							"origin": [-19, 2, -1],
							"size": [1, 2, 1],
							"uv": {
								"north": {"uv": [83, 65], "uv_size": [1, 2]},
								"east": {"uv": [66, 83], "uv_size": [1, 2]},
								"south": {"uv": [67, 83], "uv_size": [1, 2]},
								"west": {"uv": [83, 67], "uv_size": [1, 2]},
								"up": {"uv": [22, 85], "uv_size": [1, 1]},
								"down": {"uv": [85, 23], "uv_size": [1, -1]}
							}
						},
						{
							"origin": [-19, 2, 0],
							"size": [2, 2, 1],
							"uv": {
								"north": {"uv": [79, 26], "uv_size": [2, 2]},
								"east": {"uv": [83, 62], "uv_size": [1, 2]},
								"south": {"uv": [28, 79], "uv_size": [2, 2]},
								"west": {"uv": [63, 83], "uv_size": [1, 2]},
								"up": {"uv": [64, 83], "uv_size": [2, 1]},
								"down": {"uv": [83, 65], "uv_size": [2, -1]}
							}
						},
						{
							"origin": [-6, 2, 0],
							"size": [1, 1, 1],
							"uv": {
								"north": {"uv": [85, 18], "uv_size": [1, 1]},
								"east": {"uv": [19, 85], "uv_size": [1, 1]},
								"south": {"uv": [85, 19], "uv_size": [1, 1]},
								"west": {"uv": [85, 20], "uv_size": [1, 1]},
								"up": {"uv": [21, 85], "uv_size": [1, 1]},
								"down": {"uv": [85, 22], "uv_size": [1, -1]}
							}
						},
						{
							"origin": [-18, 1, 1],
							"size": [1, 4, 1],
							"uv": {
								"north": {"uv": [19, 79], "uv_size": [1, 4]},
								"east": {"uv": [21, 79], "uv_size": [1, 4]},
								"south": {"uv": [23, 79], "uv_size": [1, 4]},
								"west": {"uv": [27, 79], "uv_size": [1, 4]},
								"up": {"uv": [85, 17], "uv_size": [1, 1]},
								"down": {"uv": [18, 86], "uv_size": [1, -1]}
							}
						},
						{
							"origin": [-1, 2, 1],
							"size": [1, 2, 1],
							"uv": {
								"north": {"uv": [83, 59], "uv_size": [1, 2]},
								"east": {"uv": [60, 83], "uv_size": [1, 2]},
								"south": {"uv": [61, 83], "uv_size": [1, 2]},
								"west": {"uv": [62, 83], "uv_size": [1, 2]},
								"up": {"uv": [85, 16], "uv_size": [1, 1]},
								"down": {"uv": [17, 86], "uv_size": [1, -1]}
							}
						},
						{
							"origin": [3, 2, -1],
							"size": [1, 3, 1],
							"uv": {
								"north": {"uv": [66, 80], "uv_size": [1, 3]},
								"east": {"uv": [67, 80], "uv_size": [1, 3]},
								"south": {"uv": [68, 80], "uv_size": [1, 3]},
								"west": {"uv": [69, 80], "uv_size": [1, 3]},
								"up": {"uv": [15, 85], "uv_size": [1, 1]},
								"down": {"uv": [16, 86], "uv_size": [1, -1]}
							}
						},
						{
							"origin": [-2, 3, -1],
							"size": [2, 1, 1],
							"uv": {
								"north": {"uv": [83, 55], "uv_size": [2, 1]},
								"east": {"uv": [85, 13], "uv_size": [1, 1]},
								"south": {"uv": [56, 83], "uv_size": [2, 1]},
								"west": {"uv": [14, 85], "uv_size": [1, 1]},
								"up": {"uv": [58, 83], "uv_size": [2, 1]},
								"down": {"uv": [83, 59], "uv_size": [2, -1]}
							}
						},
						{
							"origin": [-6, 2, 4],
							"size": [1, 2, 2],
							"uv": {
								"north": {"uv": [53, 83], "uv_size": [1, 2]},
								"east": {"uv": [79, 23], "uv_size": [2, 2]},
								"south": {"uv": [83, 53], "uv_size": [1, 2]},
								"west": {"uv": [25, 79], "uv_size": [2, 2]},
								"up": {"uv": [54, 83], "uv_size": [1, 2]},
								"down": {"uv": [55, 85], "uv_size": [1, -2]}
							}
						},
						{
							"origin": [-24, 1, -1],
							"size": [1, 4, 1],
							"uv": {
								"north": {"uv": [79, 12], "uv_size": [1, 4]},
								"east": {"uv": [16, 79], "uv_size": [1, 4]},
								"south": {"uv": [17, 79], "uv_size": [1, 4]},
								"west": {"uv": [18, 79], "uv_size": [1, 4]},
								"up": {"uv": [85, 12], "uv_size": [1, 1]},
								"down": {"uv": [13, 86], "uv_size": [1, -1]}
							}
						},
						{
							"origin": [-5, 3, -1],
							"size": [1, 1, 1],
							"uv": {
								"north": {"uv": [85, 8], "uv_size": [1, 1]},
								"east": {"uv": [9, 85], "uv_size": [1, 1]},
								"south": {"uv": [85, 9], "uv_size": [1, 1]},
								"west": {"uv": [10, 85], "uv_size": [1, 1]},
								"up": {"uv": [85, 10], "uv_size": [1, 1]},
								"down": {"uv": [85, 12], "uv_size": [1, -1]}
							}
						},
						{
							"origin": [-4, 3, -1],
							"size": [2, 2, 1],
							"uv": {
								"north": {"uv": [79, 4], "uv_size": [2, 2]},
								"east": {"uv": [83, 48], "uv_size": [1, 2]},
								"south": {"uv": [79, 10], "uv_size": [2, 2]},
								"west": {"uv": [50, 83], "uv_size": [1, 2]},
								"up": {"uv": [51, 83], "uv_size": [2, 1]},
								"down": {"uv": [83, 53], "uv_size": [2, -1]}
							}
						},
						{
							"origin": [-21, 5, 13],
							"size": [1, 1, 1],
							"uv": {
								"north": {"uv": [85, 4], "uv_size": [1, 1]},
								"east": {"uv": [5, 85], "uv_size": [1, 1]},
								"south": {"uv": [6, 85], "uv_size": [1, 1]},
								"west": {"uv": [85, 6], "uv_size": [1, 1]},
								"up": {"uv": [7, 85], "uv_size": [1, 1]},
								"down": {"uv": [8, 86], "uv_size": [1, -1]}
							}
						},
						{
							"origin": [-6, 3, 0],
							"size": [9, 1, 1],
							"uv": {
								"north": {"uv": [67, 63], "uv_size": [9, 1]},
								"east": {"uv": [85, 3], "uv_size": [1, 1]},
								"south": {"uv": [67, 64], "uv_size": [9, 1]},
								"west": {"uv": [4, 85], "uv_size": [1, 1]},
								"up": {"uv": [67, 65], "uv_size": [9, 1]},
								"down": {"uv": [67, 67], "uv_size": [9, -1]}
							}
						},
						{
							"origin": [-2, 4, -1],
							"size": [5, 1, 2],
							"uv": {
								"north": {"uv": [76, 21], "uv_size": [5, 1]},
								"east": {"uv": [83, 47], "uv_size": [2, 1]},
								"south": {"uv": [76, 22], "uv_size": [5, 1]},
								"west": {"uv": [48, 83], "uv_size": [2, 1]},
								"up": {"uv": [67, 38], "uv_size": [5, 2]},
								"down": {"uv": [67, 42], "uv_size": [5, -2]}
							}
						},
						{
							"origin": [-18, 4, 3],
							"size": [1, 1, 3],
							"uv": {
								"north": {"uv": [85, 1], "uv_size": [1, 1]},
								"east": {"uv": [80, 54], "uv_size": [3, 1]},
								"south": {"uv": [85, 2], "uv_size": [1, 1]},
								"west": {"uv": [80, 55], "uv_size": [3, 1]},
								"up": {"uv": [60, 80], "uv_size": [1, 3]},
								"down": {"uv": [61, 83], "uv_size": [1, -3]}
							}
						},
						{
							"origin": [-19, 4, 6],
							"size": [1, 1, 2],
							"uv": {
								"north": {"uv": [84, 84], "uv_size": [1, 1]},
								"east": {"uv": [83, 44], "uv_size": [2, 1]},
								"south": {"uv": [1, 85], "uv_size": [1, 1]},
								"west": {"uv": [45, 83], "uv_size": [2, 1]},
								"up": {"uv": [83, 45], "uv_size": [1, 2]},
								"down": {"uv": [47, 85], "uv_size": [1, -2]}
							}
						},
						{
							"origin": [-8, 4, 5],
							"size": [1, 1, 4],
							"uv": {
								"north": {"uv": [84, 82], "uv_size": [1, 1]},
								"east": {"uv": [78, 0], "uv_size": [4, 1]},
								"south": {"uv": [84, 83], "uv_size": [1, 1]},
								"west": {"uv": [78, 20], "uv_size": [4, 1]},
								"up": {"uv": [31, 77], "uv_size": [1, 4]},
								"down": {"uv": [38, 81], "uv_size": [1, -4]}
							}
						},
						{
							"origin": [-7, 4, 4],
							"size": [2, 1, 2],
							"uv": {
								"north": {"uv": [83, 40], "uv_size": [2, 1]},
								"east": {"uv": [41, 83], "uv_size": [2, 1]},
								"south": {"uv": [83, 41], "uv_size": [2, 1]},
								"west": {"uv": [43, 83], "uv_size": [2, 1]},
								"up": {"uv": [78, 78], "uv_size": [2, 2]},
								"down": {"uv": [79, 4], "uv_size": [2, -2]}
							}
						},
						{
							"origin": [-21, 1, 12],
							"size": [1, 4, 2],
							"uv": {
								"north": {"uv": [2, 76], "uv_size": [1, 4]},
								"east": {"uv": [22, 71], "uv_size": [2, 4]},
								"south": {"uv": [20, 77], "uv_size": [1, 4]},
								"west": {"uv": [34, 71], "uv_size": [2, 4]},
								"up": {"uv": [38, 83], "uv_size": [1, 2]},
								"down": {"uv": [40, 85], "uv_size": [1, -2]}
							}
						},
						{
							"origin": [1, 2, 1],
							"size": [1, 2, 2],
							"uv": {
								"north": {"uv": [30, 83], "uv_size": [1, 2]},
								"east": {"uv": [78, 71], "uv_size": [2, 2]},
								"south": {"uv": [35, 83], "uv_size": [1, 2]},
								"west": {"uv": [78, 76], "uv_size": [2, 2]},
								"up": {"uv": [36, 83], "uv_size": [1, 2]},
								"down": {"uv": [37, 85], "uv_size": [1, -2]}
							}
						},
						{
							"origin": [2, 1, -1],
							"size": [2, 1, 1],
							"uv": {
								"north": {"uv": [83, 26], "uv_size": [2, 1]},
								"east": {"uv": [84, 81], "uv_size": [1, 1]},
								"south": {"uv": [83, 32], "uv_size": [2, 1]},
								"west": {"uv": [82, 84], "uv_size": [1, 1]},
								"up": {"uv": [83, 33], "uv_size": [2, 1]},
								"down": {"uv": [83, 35], "uv_size": [2, -1]}
							}
						},
						{
							"origin": [-4, 1, -1],
							"size": [3, 1, 1],
							"uv": {
								"north": {"uv": [80, 33], "uv_size": [3, 1]},
								"east": {"uv": [84, 79], "uv_size": [1, 1]},
								"south": {"uv": [80, 34], "uv_size": [3, 1]},
								"west": {"uv": [81, 84], "uv_size": [1, 1]},
								"up": {"uv": [80, 46], "uv_size": [3, 1]},
								"down": {"uv": [80, 48], "uv_size": [3, -1]}
							}
						},
						{
							"origin": [-23, 1, -2],
							"size": [4, 4, 2],
							"uv": {
								"north": {"uv": [63, 42], "uv_size": [4, 4]},
								"east": {"uv": [51, 70], "uv_size": [2, 4]},
								"south": {"uv": [51, 63], "uv_size": [4, 4]},
								"west": {"uv": [16, 71], "uv_size": [2, 4]},
								"up": {"uv": [18, 71], "uv_size": [4, 2]},
								"down": {"uv": [26, 73], "uv_size": [4, -2]}
							}
						},
						{
							"origin": [-18, 1, 4],
							"size": [1, 1, 2],
							"uv": {
								"north": {"uv": [84, 78], "uv_size": [1, 1]},
								"east": {"uv": [83, 19], "uv_size": [2, 1]},
								"south": {"uv": [79, 84], "uv_size": [1, 1]},
								"west": {"uv": [83, 25], "uv_size": [2, 1]},
								"up": {"uv": [27, 83], "uv_size": [1, 2]},
								"down": {"uv": [83, 30], "uv_size": [1, -2]}
							}
						},
						{
							"origin": [-19, 0, 7],
							"size": [1, 2, 2],
							"uv": {
								"north": {"uv": [22, 83], "uv_size": [1, 2]},
								"east": {"uv": [78, 46], "uv_size": [2, 2]},
								"south": {"uv": [23, 83], "uv_size": [1, 2]},
								"west": {"uv": [78, 54], "uv_size": [2, 2]},
								"up": {"uv": [83, 23], "uv_size": [1, 2]},
								"down": {"uv": [24, 85], "uv_size": [1, -2]}
							}
						},
						{
							"origin": [-9, 1, 9],
							"size": [1, 1, 1],
							"uv": {
								"north": {"uv": [84, 73], "uv_size": [1, 1]},
								"east": {"uv": [75, 84], "uv_size": [1, 1]},
								"south": {"uv": [76, 84], "uv_size": [1, 1]},
								"west": {"uv": [84, 76], "uv_size": [1, 1]},
								"up": {"uv": [77, 84], "uv_size": [1, 1]},
								"down": {"uv": [78, 85], "uv_size": [1, -1]}
							}
						},
						{
							"origin": [0, 2, 1],
							"size": [1, 2, 5],
							"uv": {
								"north": {"uv": [19, 83], "uv_size": [1, 2]},
								"east": {"uv": [31, 67], "uv_size": [5, 2]},
								"south": {"uv": [21, 83], "uv_size": [1, 2]},
								"west": {"uv": [36, 67], "uv_size": [5, 2]},
								"up": {"uv": [11, 75], "uv_size": [1, 5]},
								"down": {"uv": [22, 80], "uv_size": [1, -5]}
							}
						},
						{
							"origin": [-9, 1, 6],
							"size": [2, 1, 3],
							"uv": {
								"north": {"uv": [83, 11], "uv_size": [2, 1]},
								"east": {"uv": [80, 28], "uv_size": [3, 1]},
								"south": {"uv": [83, 18], "uv_size": [2, 1]},
								"west": {"uv": [80, 29], "uv_size": [3, 1]},
								"up": {"uv": [42, 73], "uv_size": [2, 3]},
								"down": {"uv": [53, 76], "uv_size": [2, -3]}
							}
						},
						{
							"origin": [-5, 1, 4],
							"size": [5, 4, 2],
							"uv": {
								"north": {"uv": [51, 59], "uv_size": [5, 4]},
								"east": {"uv": [24, 70], "uv_size": [2, 4]},
								"south": {"uv": [10, 60], "uv_size": [5, 4]},
								"west": {"uv": [44, 70], "uv_size": [2, 4]},
								"up": {"uv": [8, 67], "uv_size": [5, 2]},
								"down": {"uv": [26, 69], "uv_size": [5, -2]}
							}
						},
						{
							"origin": [-19, 4, 14],
							"size": [1, 2, 1],
							"uv": {
								"north": {"uv": [15, 83], "uv_size": [1, 2]},
								"east": {"uv": [16, 83], "uv_size": [1, 2]},
								"south": {"uv": [17, 83], "uv_size": [1, 2]},
								"west": {"uv": [18, 83], "uv_size": [1, 2]},
								"up": {"uv": [84, 71], "uv_size": [1, 1]},
								"down": {"uv": [84, 73], "uv_size": [1, -1]}
							}
						},
						{
							"origin": [-17, 4, 14],
							"size": [7, 2, 1],
							"uv": {
								"north": {"uv": [27, 42], "uv_size": [7, 2]},
								"east": {"uv": [13, 83], "uv_size": [1, 2]},
								"south": {"uv": [20, 46], "uv_size": [7, 2]},
								"west": {"uv": [14, 83], "uv_size": [1, 2]},
								"up": {"uv": [72, 27], "uv_size": [7, 1]},
								"down": {"uv": [72, 39], "uv_size": [7, -1]}
							}
						},
						{
							"origin": [-19, 0, 14],
							"size": [1, 3, 1],
							"uv": {
								"north": {"uv": [52, 80], "uv_size": [1, 3]},
								"east": {"uv": [53, 80], "uv_size": [1, 3]},
								"south": {"uv": [58, 80], "uv_size": [1, 3]},
								"west": {"uv": [59, 80], "uv_size": [1, 3]},
								"up": {"uv": [84, 68], "uv_size": [1, 1]},
								"down": {"uv": [84, 71], "uv_size": [1, -1]}
							}
						},
						{
							"origin": [-22, 0, 14],
							"size": [3, 6, 1],
							"uv": {
								"north": {"uv": [15, 60], "uv_size": [3, 6]},
								"east": {"uv": [32, 73], "uv_size": [1, 6]},
								"south": {"uv": [44, 61], "uv_size": [3, 6]},
								"west": {"uv": [33, 73], "uv_size": [1, 6]},
								"up": {"uv": [80, 18], "uv_size": [3, 1]},
								"down": {"uv": [80, 20], "uv_size": [3, -1]}
							}
						},
						{
							"origin": [-9, 4, 14],
							"size": [2, 2, 1],
							"uv": {
								"north": {"uv": [78, 28], "uv_size": [2, 2]},
								"east": {"uv": [9, 83], "uv_size": [1, 2]},
								"south": {"uv": [42, 78], "uv_size": [2, 2]},
								"west": {"uv": [10, 83], "uv_size": [1, 2]},
								"up": {"uv": [83, 10], "uv_size": [2, 1]},
								"down": {"uv": [11, 84], "uv_size": [2, -1]}
							}
						},
						{
							"origin": [-10, 3, 14],
							"size": [1, 3, 1],
							"uv": {
								"north": {"uv": [48, 80], "uv_size": [1, 3]},
								"east": {"uv": [49, 80], "uv_size": [1, 3]},
								"south": {"uv": [50, 80], "uv_size": [1, 3]},
								"west": {"uv": [51, 80], "uv_size": [1, 3]},
								"up": {"uv": [84, 66], "uv_size": [1, 1]},
								"down": {"uv": [84, 68], "uv_size": [1, -1]}
							}
						},
						{
							"origin": [-17, 2, 14],
							"size": [8, 1, 1],
							"uv": {
								"north": {"uv": [34, 70], "uv_size": [8, 1]},
								"east": {"uv": [65, 84], "uv_size": [1, 1]},
								"south": {"uv": [71, 12], "uv_size": [8, 1]},
								"west": {"uv": [84, 65], "uv_size": [1, 1]},
								"up": {"uv": [71, 13], "uv_size": [8, 1]},
								"down": {"uv": [71, 15], "uv_size": [8, -1]}
							}
						},
						{
							"origin": [-17, 2, 10],
							"size": [1, 1, 2],
							"uv": {
								"north": {"uv": [84, 63], "uv_size": [1, 1]},
								"east": {"uv": [6, 83], "uv_size": [2, 1]},
								"south": {"uv": [64, 84], "uv_size": [1, 1]},
								"west": {"uv": [83, 6], "uv_size": [2, 1]},
								"up": {"uv": [8, 83], "uv_size": [1, 2]},
								"down": {"uv": [83, 10], "uv_size": [1, -2]}
							}
						},
						{
							"origin": [-16, 2, 8],
							"size": [1, 1, 1],
							"uv": {
								"north": {"uv": [58, 84], "uv_size": [1, 1]},
								"east": {"uv": [59, 84], "uv_size": [1, 1]},
								"south": {"uv": [84, 59], "uv_size": [1, 1]},
								"west": {"uv": [84, 60], "uv_size": [1, 1]},
								"up": {"uv": [84, 61], "uv_size": [1, 1]},
								"down": {"uv": [84, 63], "uv_size": [1, -1]}
							}
						},
						{
							"origin": [-15, 2, 6],
							"size": [1, 1, 3],
							"uv": {
								"north": {"uv": [57, 84], "uv_size": [1, 1]},
								"east": {"uv": [80, 8], "uv_size": [3, 1]},
								"south": {"uv": [84, 57], "uv_size": [1, 1]},
								"west": {"uv": [80, 9], "uv_size": [3, 1]},
								"up": {"uv": [46, 80], "uv_size": [1, 3]},
								"down": {"uv": [47, 83], "uv_size": [1, -3]}
							}
						},
						{
							"origin": [-13, 2, 2],
							"size": [5, 1, 1],
							"uv": {
								"north": {"uv": [34, 75], "uv_size": [5, 1]},
								"east": {"uv": [56, 84], "uv_size": [1, 1]},
								"south": {"uv": [60, 75], "uv_size": [5, 1]},
								"west": {"uv": [84, 56], "uv_size": [1, 1]},
								"up": {"uv": [76, 1], "uv_size": [5, 1]},
								"down": {"uv": [16, 77], "uv_size": [5, -1]}
							}
						},
						{
							"origin": [-18, 0, 12],
							"size": [1, 3, 3],
							"uv": {
								"north": {"uv": [22, 80], "uv_size": [1, 3]},
								"east": {"uv": [44, 67], "uv_size": [3, 3]},
								"south": {"uv": [24, 80], "uv_size": [1, 3]},
								"west": {"uv": [51, 67], "uv_size": [3, 3]},
								"up": {"uv": [42, 80], "uv_size": [1, 3]},
								"down": {"uv": [43, 83], "uv_size": [1, -3]}
							}
						},
						{
							"origin": [-18, 0, 10],
							"size": [2, 2, 2],
							"uv": {
								"north": {"uv": [4, 78], "uv_size": [2, 2]},
								"east": {"uv": [6, 78], "uv_size": [2, 2]},
								"south": {"uv": [12, 78], "uv_size": [2, 2]},
								"west": {"uv": [14, 78], "uv_size": [2, 2]},
								"up": {"uv": [78, 16], "uv_size": [2, 2]},
								"down": {"uv": [78, 20], "uv_size": [2, -2]}
							}
						},
						{
							"origin": [-18, 4, 12],
							"size": [1, 2, 3],
							"uv": {
								"north": {"uv": [4, 83], "uv_size": [1, 2]},
								"east": {"uv": [46, 73], "uv_size": [3, 2]},
								"south": {"uv": [5, 83], "uv_size": [1, 2]},
								"west": {"uv": [73, 50], "uv_size": [3, 2]},
								"up": {"uv": [15, 80], "uv_size": [1, 3]},
								"down": {"uv": [80, 18], "uv_size": [1, -3]}
							}
						},
						{
							"origin": [-20, 4, 8],
							"size": [2, 1, 2],
							"uv": {
								"north": {"uv": [82, 76], "uv_size": [2, 1]},
								"east": {"uv": [83, 1], "uv_size": [2, 1]},
								"south": {"uv": [2, 83], "uv_size": [2, 1]},
								"west": {"uv": [83, 2], "uv_size": [2, 1]},
								"up": {"uv": [76, 77], "uv_size": [2, 2]},
								"down": {"uv": [0, 80], "uv_size": [2, -2]}
							}
						},
						{
							"origin": [-18, 4, 6],
							"size": [2, 2, 6],
							"uv": {
								"north": {"uv": [72, 77], "uv_size": [2, 2]},
								"east": {"uv": [65, 58], "uv_size": [6, 2]},
								"south": {"uv": [74, 77], "uv_size": [2, 2]},
								"west": {"uv": [65, 60], "uv_size": [6, 2]},
								"up": {"uv": [65, 62], "uv_size": [2, 6]},
								"down": {"uv": [0, 72], "uv_size": [2, -6]}
							}
						},
						{
							"origin": [-17, 4, 4],
							"size": [2, 2, 2],
							"uv": {
								"north": {"uv": [60, 77], "uv_size": [2, 2]},
								"east": {"uv": [62, 77], "uv_size": [2, 2]},
								"south": {"uv": [64, 77], "uv_size": [2, 2]},
								"west": {"uv": [66, 77], "uv_size": [2, 2]},
								"up": {"uv": [68, 77], "uv_size": [2, 2]},
								"down": {"uv": [70, 79], "uv_size": [2, -2]}
							}
						},
						{
							"origin": [-17, 0, 12],
							"size": [1, 6, 2],
							"uv": {
								"north": {"uv": [15, 72], "uv_size": [1, 6]},
								"east": {"uv": [47, 65], "uv_size": [2, 6]},
								"south": {"uv": [21, 73], "uv_size": [1, 6]},
								"west": {"uv": [49, 65], "uv_size": [2, 6]},
								"up": {"uv": [82, 81], "uv_size": [1, 2]},
								"down": {"uv": [1, 85], "uv_size": [1, -2]}
							}
						},
						{
							"origin": [-16, 3, 6],
							"size": [1, 3, 3],
							"uv": {
								"north": {"uv": [12, 80], "uv_size": [1, 3]},
								"east": {"uv": [33, 50], "uv_size": [3, 3]},
								"south": {"uv": [80, 12], "uv_size": [1, 3]},
								"west": {"uv": [13, 67], "uv_size": [3, 3]},
								"up": {"uv": [13, 80], "uv_size": [1, 3]},
								"down": {"uv": [14, 83], "uv_size": [1, -3]}
							}
						},
						{
							"origin": [-17, 4, 3],
							"size": [4, 2, 1],
							"uv": {
								"north": {"uv": [12, 70], "uv_size": [4, 2]},
								"east": {"uv": [82, 74], "uv_size": [1, 2]},
								"south": {"uv": [70, 33], "uv_size": [4, 2]},
								"west": {"uv": [77, 82], "uv_size": [1, 2]},
								"up": {"uv": [77, 25], "uv_size": [4, 1]},
								"down": {"uv": [77, 38], "uv_size": [4, -1]}
							}
						},
						{
							"origin": [-15, 3, 4],
							"size": [1, 3, 5],
							"uv": {
								"north": {"uv": [10, 80], "uv_size": [1, 3]},
								"east": {"uv": [55, 63], "uv_size": [5, 3]},
								"south": {"uv": [11, 80], "uv_size": [1, 3]},
								"west": {"uv": [60, 63], "uv_size": [5, 3]},
								"up": {"uv": [9, 75], "uv_size": [1, 5]},
								"down": {"uv": [10, 80], "uv_size": [1, -5]}
							}
						},
						{
							"origin": [-20, 1, 9],
							"size": [2, 1, 1],
							"uv": {
								"north": {"uv": [82, 61], "uv_size": [2, 1]},
								"east": {"uv": [84, 53], "uv_size": [1, 1]},
								"south": {"uv": [82, 70], "uv_size": [2, 1]},
								"west": {"uv": [84, 54], "uv_size": [1, 1]},
								"up": {"uv": [72, 82], "uv_size": [2, 1]},
								"down": {"uv": [82, 74], "uv_size": [2, -1]}
							}
						},
						{
							"origin": [-18, 0, 6],
							"size": [9, 2, 4],
							"uv": {
								"north": {"uv": [62, 12], "uv_size": [9, 2]},
								"east": {"uv": [64, 69], "uv_size": [4, 2]},
								"south": {"uv": [62, 14], "uv_size": [9, 2]},
								"west": {"uv": [68, 69], "uv_size": [4, 2]},
								"up": {"uv": [18, 42], "uv_size": [9, 4]},
								"down": {"uv": [27, 48], "uv_size": [9, -4]}
							}
						},
						{
							"origin": [-20, 0, 10],
							"size": [2, 6, 4],
							"uv": {
								"north": {"uv": [42, 63], "uv_size": [2, 6]},
								"east": {"uv": [18, 56], "uv_size": [4, 6]},
								"south": {"uv": [24, 64], "uv_size": [2, 6]},
								"west": {"uv": [22, 56], "uv_size": [4, 6]},
								"up": {"uv": [60, 69], "uv_size": [2, 4]},
								"down": {"uv": [62, 73], "uv_size": [2, -4]}
							}
						},
						{
							"origin": [-19, 2, 5],
							"size": [2, 2, 5],
							"uv": {
								"north": {"uv": [77, 56], "uv_size": [2, 2]},
								"east": {"uv": [55, 66], "uv_size": [5, 2]},
								"south": {"uv": [58, 77], "uv_size": [2, 2]},
								"west": {"uv": [60, 66], "uv_size": [5, 2]},
								"up": {"uv": [22, 66], "uv_size": [2, 5]},
								"down": {"uv": [6, 72], "uv_size": [2, -5]}
							}
						},
						{
							"origin": [-17, 2, 1],
							"size": [1, 2, 6],
							"uv": {
								"north": {"uv": [82, 66], "uv_size": [1, 2]},
								"east": {"uv": [32, 57], "uv_size": [6, 2]},
								"south": {"uv": [82, 68], "uv_size": [1, 2]},
								"west": {"uv": [18, 64], "uv_size": [6, 2]},
								"up": {"uv": [50, 71], "uv_size": [1, 6]},
								"down": {"uv": [57, 77], "uv_size": [1, -6]}
							}
						},
						{
							"origin": [-16, 2, 0],
							"size": [1, 2, 3],
							"uv": {
								"north": {"uv": [82, 59], "uv_size": [1, 2]},
								"east": {"uv": [29, 73], "uv_size": [3, 2]},
								"south": {"uv": [82, 64], "uv_size": [1, 2]},
								"west": {"uv": [36, 73], "uv_size": [3, 2]},
								"up": {"uv": [8, 80], "uv_size": [1, 3]},
								"down": {"uv": [9, 83], "uv_size": [1, -3]}
							}
						},
						{
							"origin": [-16, 2, -1],
							"size": [2, 2, 1],
							"uv": {
								"north": {"uv": [54, 77], "uv_size": [2, 2]},
								"east": {"uv": [39, 82], "uv_size": [1, 2]},
								"south": {"uv": [56, 77], "uv_size": [2, 2]},
								"west": {"uv": [82, 52], "uv_size": [1, 2]},
								"up": {"uv": [82, 56], "uv_size": [2, 1]},
								"down": {"uv": [82, 58], "uv_size": [2, -1]}
							}
						},
						{
							"origin": [-8, 2, -1],
							"size": [2, 2, 4],
							"uv": {
								"north": {"uv": [50, 77], "uv_size": [2, 2]},
								"east": {"uv": [69, 50], "uv_size": [4, 2]},
								"south": {"uv": [52, 77], "uv_size": [2, 2]},
								"west": {"uv": [54, 69], "uv_size": [4, 2]},
								"up": {"uv": [42, 69], "uv_size": [2, 4]},
								"down": {"uv": [58, 73], "uv_size": [2, -4]}
							}
						},
						{
							"origin": [-17, 1, 1],
							"size": [11, 1, 2],
							"uv": {
								"north": {"uv": [66, 37], "uv_size": [11, 1]},
								"east": {"uv": [82, 50], "uv_size": [2, 1]},
								"south": {"uv": [67, 0], "uv_size": [11, 1]},
								"west": {"uv": [82, 51], "uv_size": [2, 1]},
								"up": {"uv": [58, 20], "uv_size": [11, 2]},
								"down": {"uv": [58, 24], "uv_size": [11, -2]}
							}
						},
						{
							"origin": [-19, 1, -1],
							"size": [15, 1, 2],
							"uv": {
								"north": {"uv": [63, 17], "uv_size": [15, 1]},
								"east": {"uv": [35, 82], "uv_size": [2, 1]},
								"south": {"uv": [63, 28], "uv_size": [15, 1]},
								"west": {"uv": [37, 82], "uv_size": [2, 1]},
								"up": {"uv": [48, 40], "uv_size": [15, 2]},
								"down": {"uv": [48, 44], "uv_size": [15, -2]}
							}
						},
						{
							"origin": [-9, 2, 14],
							"size": [2, 2, 2],
							"uv": {
								"north": {"uv": [77, 35], "uv_size": [2, 2]},
								"east": {"uv": [36, 77], "uv_size": [2, 2]},
								"south": {"uv": [40, 77], "uv_size": [2, 2]},
								"west": {"uv": [44, 77], "uv_size": [2, 2]},
								"up": {"uv": [46, 77], "uv_size": [2, 2]},
								"down": {"uv": [77, 50], "uv_size": [2, -2]}
							}
						},
						{
							"origin": [-17, 0, 14],
							"size": [10, 2, 2],
							"uv": {
								"north": {"uv": [58, 24], "uv_size": [10, 2]},
								"east": {"uv": [29, 77], "uv_size": [2, 2]},
								"south": {"uv": [59, 18], "uv_size": [10, 2]},
								"west": {"uv": [34, 77], "uv_size": [2, 2]},
								"up": {"uv": [32, 59], "uv_size": [10, 2]},
								"down": {"uv": [0, 62], "uv_size": [10, -2]}
							}
						},
						{
							"origin": [-21, 0, 15],
							"size": [4, 4, 1],
							"uv": {
								"north": {"uv": [38, 63], "uv_size": [4, 4]},
								"east": {"uv": [23, 75], "uv_size": [1, 4]},
								"south": {"uv": [63, 38], "uv_size": [4, 4]},
								"west": {"uv": [48, 75], "uv_size": [1, 4]},
								"up": {"uv": [76, 75], "uv_size": [4, 1]},
								"down": {"uv": [77, 8], "uv_size": [4, -1]}
							}
						},
						{
							"origin": [-21, 4, 15],
							"size": [15, 2, 1],
							"uv": {
								"north": {"uv": [20, 48], "uv_size": [15, 2]},
								"east": {"uv": [33, 82], "uv_size": [1, 2]},
								"south": {"uv": [48, 38], "uv_size": [15, 2]},
								"west": {"uv": [34, 82], "uv_size": [1, 2]},
								"up": {"uv": [62, 49], "uv_size": [15, 1]},
								"down": {"uv": [63, 17], "uv_size": [15, -1]}
							}
						},
						{
							"origin": [-7, 2, 15],
							"size": [1, 2, 2],
							"uv": {
								"north": {"uv": [82, 23], "uv_size": [1, 2]},
								"east": {"uv": [25, 77], "uv_size": [2, 2]},
								"south": {"uv": [82, 25], "uv_size": [1, 2]},
								"west": {"uv": [27, 77], "uv_size": [2, 2]},
								"up": {"uv": [31, 82], "uv_size": [1, 2]},
								"down": {"uv": [32, 84], "uv_size": [1, -2]}
							}
						},
						{
							"origin": [-21, 1, 16],
							"size": [14, 4, 1],
							"uv": {
								"north": {"uv": [0, 28], "uv_size": [14, 5]},
								"east": {"uv": [27, 33], "uv_size": [1, 5]},
								"south": {"uv": [14, 28], "uv_size": [14, 5]},
								"west": {"uv": [8, 75], "uv_size": [1, 5]},
								"up": {"uv": [65, 10], "uv_size": [14, 1]},
								"down": {"uv": [65, 12], "uv_size": [14, -1]}
							}
						},
						{
							"origin": [-17, 4, 1],
							"size": [11, 1, 2],
							"uv": {
								"north": {"uv": [6, 66], "uv_size": [11, 1]},
								"east": {"uv": [82, 21], "uv_size": [2, 1]},
								"south": {"uv": [66, 36], "uv_size": [11, 1]},
								"west": {"uv": [82, 22], "uv_size": [2, 1]},
								"up": {"uv": [56, 0], "uv_size": [11, 2]},
								"down": {"uv": [57, 8], "uv_size": [11, -2]}
							}
						},
						{
							"origin": [-19, 4, -1],
							"size": [15, 1, 2],
							"uv": {
								"north": {"uv": [62, 35], "uv_size": [15, 1]},
								"east": {"uv": [82, 15], "uv_size": [2, 1]},
								"south": {"uv": [62, 48], "uv_size": [15, 1]},
								"west": {"uv": [82, 20], "uv_size": [2, 1]},
								"up": {"uv": [42, 6], "uv_size": [15, 2]},
								"down": {"uv": [48, 18], "uv_size": [15, -2]}
							}
						},
						{
							"origin": [-16, 1, 10],
							"size": [8, 4, 4],
							"uv": {
								"north": {"uv": [4, 45], "uv_size": [8, 4]},
								"east": {"uv": [30, 63], "uv_size": [4, 4]},
								"south": {"uv": [45, 30], "uv_size": [8, 4]},
								"west": {"uv": [34, 63], "uv_size": [4, 4]},
								"up": {"uv": [45, 34], "uv_size": [8, 4]},
								"down": {"uv": [12, 50], "uv_size": [8, -4]}
							}
						},
						{
							"origin": [-16, 2, 9],
							"size": [9, 3, 1],
							"uv": {
								"north": {"uv": [40, 52], "uv_size": [9, 3]},
								"east": {"uv": [6, 80], "uv_size": [1, 3]},
								"south": {"uv": [49, 52], "uv_size": [9, 3]},
								"west": {"uv": [7, 80], "uv_size": [1, 3]},
								"up": {"uv": [67, 1], "uv_size": [9, 1]},
								"down": {"uv": [67, 63], "uv_size": [9, -1]}
							}
						},
						{
							"origin": [-14, 2, 5],
							"size": [6, 4, 4],
							"uv": {
								"north": {"uv": [52, 55], "uv_size": [6, 4]},
								"east": {"uv": [47, 61], "uv_size": [4, 4]},
								"south": {"uv": [0, 56], "uv_size": [6, 4]},
								"west": {"uv": [26, 63], "uv_size": [4, 4]},
								"up": {"uv": [6, 56], "uv_size": [6, 4]},
								"down": {"uv": [12, 60], "uv_size": [6, -4]}
							}
						},
						{
							"origin": [-14, 2, 4],
							"size": [7, 3, 1],
							"uv": {
								"north": {"uv": [44, 58], "uv_size": [7, 3]},
								"east": {"uv": [4, 80], "uv_size": [1, 3]},
								"south": {"uv": [58, 52], "uv_size": [7, 3]},
								"west": {"uv": [5, 80], "uv_size": [1, 3]},
								"up": {"uv": [40, 49], "uv_size": [7, 1]},
								"down": {"uv": [72, 27], "uv_size": [7, -1]}
							}
						},
						{
							"origin": [-13, 2, 3],
							"size": [8, 3, 1],
							"uv": {
								"north": {"uv": [44, 55], "uv_size": [8, 3]},
								"east": {"uv": [77, 79], "uv_size": [1, 3]},
								"south": {"uv": [55, 44], "uv_size": [8, 3]},
								"west": {"uv": [3, 80], "uv_size": [1, 3]},
								"up": {"uv": [69, 23], "uv_size": [8, 1]},
								"down": {"uv": [34, 70], "uv_size": [8, -1]}
							}
						},
						{
							"origin": [-17, 1, 3],
							"size": [12, 1, 3],
							"uv": {
								"north": {"uv": [65, 56], "uv_size": [12, 1]},
								"east": {"uv": [74, 79], "uv_size": [3, 1]},
								"south": {"uv": [65, 57], "uv_size": [12, 1]},
								"west": {"uv": [0, 80], "uv_size": [3, 1]},
								"up": {"uv": [42, 3], "uv_size": [12, 3]},
								"down": {"uv": [6, 45], "uv_size": [12, -3]}
							}
						},
						{
							"origin": [-1, 1, -1],
							"size": [3, 1, 2],
							"uv": {
								"north": {"uv": [79, 69], "uv_size": [3, 1]},
								"east": {"uv": [82, 13], "uv_size": [2, 1]},
								"south": {"uv": [79, 70], "uv_size": [3, 1]},
								"west": {"uv": [82, 14], "uv_size": [2, 1]},
								"up": {"uv": [73, 21], "uv_size": [3, 2]},
								"down": {"uv": [26, 75], "uv_size": [3, -2]}
							}
						},
						{
							"origin": [-5, 2, -1],
							"size": [8, 1, 2],
							"uv": {
								"north": {"uv": [20, 38], "uv_size": [8, 1]},
								"east": {"uv": [82, 3], "uv_size": [2, 1]},
								"south": {"uv": [4, 49], "uv_size": [8, 1]},
								"west": {"uv": [82, 12], "uv_size": [2, 1]},
								"up": {"uv": [18, 62], "uv_size": [8, 2]},
								"down": {"uv": [62, 35], "uv_size": [8, -2]}
							}
						},
						{
							"origin": [23, 5, -5],
							"size": [1, 1, 1],
							"uv": {
								"north": {"uv": [12, 69], "uv_size": [1, 1]},
								"east": {"uv": [46, 70], "uv_size": [1, 1]},
								"south": {"uv": [53, 70], "uv_size": [1, 1]},
								"west": {"uv": [25, 74], "uv_size": [1, 1]},
								"up": {"uv": [65, 75], "uv_size": [1, 1]},
								"down": {"uv": [84, 50], "uv_size": [1, -1]}
							}
						},
						{
							"origin": [23, 2, -5],
							"size": [1, 2, 1],
							"uv": {
								"north": {"uv": [81, 66], "uv_size": [1, 2]},
								"east": {"uv": [81, 73], "uv_size": [1, 2]},
								"south": {"uv": [81, 75], "uv_size": [1, 2]},
								"west": {"uv": [78, 81], "uv_size": [1, 2]},
								"up": {"uv": [16, 67], "uv_size": [1, 1]},
								"down": {"uv": [54, 68], "uv_size": [1, -1]}
							}
						},
						{
							"origin": [23, 4, -5],
							"size": [1, 1, 2],
							"uv": {
								"north": {"uv": [32, 52], "uv_size": [1, 1]},
								"east": {"uv": [81, 62], "uv_size": [2, 1]},
								"south": {"uv": [51, 58], "uv_size": [1, 1]},
								"west": {"uv": [81, 63], "uv_size": [2, 1]},
								"up": {"uv": [63, 81], "uv_size": [1, 2]},
								"down": {"uv": [81, 66], "uv_size": [1, -2]}
							}
						},
						{
							"origin": [-5, 2, -8],
							"size": [5, 2, 1],
							"uv": {
								"north": {"uv": [13, 54], "uv_size": [5, 2]},
								"east": {"uv": [81, 59], "uv_size": [1, 2]},
								"south": {"uv": [17, 66], "uv_size": [5, 2]},
								"west": {"uv": [62, 81], "uv_size": [1, 2]},
								"up": {"uv": [16, 75], "uv_size": [5, 1]},
								"down": {"uv": [25, 76], "uv_size": [5, -1]}
							}
						},
						{
							"origin": [5, 2, -8],
							"size": [13, 2, 1],
							"uv": {
								"north": {"uv": [53, 36], "uv_size": [13, 2]},
								"east": {"uv": [81, 56], "uv_size": [1, 2]},
								"south": {"uv": [0, 54], "uv_size": [13, 2]},
								"west": {"uv": [57, 81], "uv_size": [1, 2]},
								"up": {"uv": [65, 54], "uv_size": [13, 1]},
								"down": {"uv": [65, 56], "uv_size": [13, -1]}
							}
						},
						{
							"origin": [18, 2, -5],
							"size": [1, 2, 2],
							"uv": {
								"north": {"uv": [41, 67], "uv_size": [1, 2]},
								"east": {"uv": [46, 75], "uv_size": [2, 2]},
								"south": {"uv": [14, 76], "uv_size": [1, 2]},
								"west": {"uv": [0, 76], "uv_size": [2, 2]},
								"up": {"uv": [40, 81], "uv_size": [1, 2]},
								"down": {"uv": [44, 83], "uv_size": [1, -2]}
							}
						},
						{
							"origin": [22, 2, -4],
							"size": [2, 2, 1],
							"uv": {
								"north": {"uv": [56, 59], "uv_size": [2, 2]},
								"east": {"uv": [35, 48], "uv_size": [1, 2]},
								"south": {"uv": [30, 75], "uv_size": [2, 2]},
								"west": {"uv": [9, 62], "uv_size": [1, 2]},
								"up": {"uv": [4, 44], "uv_size": [2, 1]},
								"down": {"uv": [6, 73], "uv_size": [2, -1]}
							}
						},
						{
							"origin": [14, 4, -5],
							"size": [10, 2, 2],
							"uv": {
								"north": {"uv": [26, 61], "uv_size": [9, 2]},
								"east": {"uv": [38, 53], "uv_size": [2, 2]},
								"south": {"uv": [35, 61], "uv_size": [9, 2]},
								"west": {"uv": [42, 59], "uv_size": [2, 2]},
								"up": {"uv": [56, 61], "uv_size": [9, 2]},
								"down": {"uv": [0, 64], "uv_size": [9, -2]}
							}
						},
						{
							"origin": [-19, 1, -3],
							"size": [42, 4, 2],
							"uv": {
								"north": {"uv": [0, 0], "uv_size": [42, 4]},
								"east": {"uv": [8, 69], "uv_size": [2, 4]},
								"south": {"uv": [0, 4], "uv_size": [42, 4]},
								"west": {"uv": [10, 69], "uv_size": [2, 4]},
								"up": {"uv": [23, 8], "uv_size": [42, 2]},
								"down": {"uv": [23, 12], "uv_size": [42, -2]}
							}
						}
					]
				},
				{
					"name": "bone",
					"pivot": [0, 0, 0],
					"cubes": [
						{"origin": [-16, 1, 0], "size": [6, 4, 15], "uv": [-13, -13]}
					]
				},
				{
					"name": "bone3",
					"pivot": [0, 0, 0]
				},
				{
					"name": "bone2",
					"parent": "bone3",
					"pivot": [8, 0, -8],
					"cubes": [
						{
							"origin": [-18, 0, -7],
							"size": [1, 2, 1],
							"uv": {
								"north": {"uv": [39, 84], "uv_size": [1, 2]},
								"east": {"uv": [41, 84], "uv_size": [1, 2]},
								"south": {"uv": [42, 84], "uv_size": [1, 2]},
								"west": {"uv": [84, 42], "uv_size": [1, 2]},
								"up": {"uv": [85, 77], "uv_size": [1, 1]},
								"down": {"uv": [78, 86], "uv_size": [1, -1]}
							}
						},
						{
							"origin": [-5, 0, -9],
							"size": [29, 1, 6],
							"uv": {
								"north": {"uv": [113, 76], "uv_size": [-29, 1]},
								"east": {"uv": [119, 76], "uv_size": [-6, 1]},
								"south": {"uv": [109, 70], "uv_size": [-9, 0]},
								"west": {"uv": [84, 76], "uv_size": [-6, 1]},
								"up": {"uv": [113, 70], "uv_size": [-29, 6]},
								"down": {"uv": [128, 75], "uv_size": [-29, -6]}
							}
						},
						{
							"origin": [10, 0, -4],
							"size": [1, 1, 1],
							"uv": {
								"north": {"uv": [85, 73], "uv_size": [1, 1]},
								"east": {"uv": [74, 85], "uv_size": [1, 1]},
								"south": {"uv": [85, 74], "uv_size": [1, 1]},
								"west": {"uv": [75, 85], "uv_size": [1, 1]},
								"up": {"uv": [85, 75], "uv_size": [1, 1]},
								"down": {"uv": [76, 86], "uv_size": [1, -1]}
							}
						},
						{
							"origin": [-5, 0, -5],
							"size": [15, 1, 2],
							"uv": {
								"north": {"uv": [65, 8], "uv_size": [15, 1]},
								"east": {"uv": [31, 84], "uv_size": [2, 1]},
								"south": {"uv": [65, 9], "uv_size": [15, 1]},
								"west": {"uv": [84, 31], "uv_size": [2, 1]},
								"up": {"uv": [47, 48], "uv_size": [15, 2]},
								"down": {"uv": [4, 52], "uv_size": [15, -2]}
							}
						},
						{
							"origin": [-18, 5, -5],
							"size": [1, 1, 1],
							"uv": {
								"north": {"uv": [85, 68], "uv_size": [1, 1]},
								"east": {"uv": [69, 85], "uv_size": [1, 1]},
								"south": {"uv": [85, 69], "uv_size": [1, 1]},
								"west": {"uv": [70, 85], "uv_size": [1, 1]},
								"up": {"uv": [85, 70], "uv_size": [1, 1]},
								"down": {"uv": [71, 86], "uv_size": [1, -1]}
							}
						},
						{
							"origin": [-19, 4, -6],
							"size": [1, 2, 2],
							"uv": {
								"north": {"uv": [84, 27], "uv_size": [1, 2]},
								"east": {"uv": [56, 79], "uv_size": [2, 2]},
								"south": {"uv": [28, 84], "uv_size": [1, 2]},
								"west": {"uv": [79, 56], "uv_size": [2, 2]},
								"up": {"uv": [29, 84], "uv_size": [1, 2]},
								"down": {"uv": [84, 31], "uv_size": [1, -2]}
							}
						},
						{
							"origin": [-18, 4, -7],
							"size": [1, 2, 2],
							"uv": {
								"north": {"uv": [84, 16], "uv_size": [1, 2]},
								"east": {"uv": [79, 52], "uv_size": [2, 2]},
								"south": {"uv": [20, 84], "uv_size": [1, 2]},
								"west": {"uv": [54, 79], "uv_size": [2, 2]},
								"up": {"uv": [84, 20], "uv_size": [1, 2]},
								"down": {"uv": [84, 24], "uv_size": [1, -2]}
							}
						},
						{
							"origin": [-18, 0, -8],
							"size": [1, 6, 1],
							"uv": {
								"north": {"uv": [39, 73], "uv_size": [1, 6]},
								"east": {"uv": [49, 73], "uv_size": [1, 6]},
								"south": {"uv": [3, 74], "uv_size": [1, 6]},
								"west": {"uv": [24, 74], "uv_size": [1, 6]},
								"up": {"uv": [85, 66], "uv_size": [1, 1]},
								"down": {"uv": [67, 86], "uv_size": [1, -1]}
							}
						},
						{"origin": [-3, 5, -9], "size": [27, 1, 4], "uv": [67, 64], "mirror": true},
						{
							"origin": [-20, 1, -5],
							"size": [1, 1, 2],
							"uv": {
								"north": {"uv": [84, 51], "uv_size": [1, 1]},
								"east": {"uv": [82, 0], "uv_size": [2, 1]},
								"south": {"uv": [52, 84], "uv_size": [1, 1]},
								"west": {"uv": [1, 82], "uv_size": [2, 1]},
								"up": {"uv": [82, 1], "uv_size": [1, 2]},
								"down": {"uv": [82, 12], "uv_size": [1, -2]}
							}
						},
						{
							"origin": [-20, 2, -7],
							"size": [1, 2, 3],
							"uv": {
								"north": {"uv": [81, 81], "uv_size": [1, 2]},
								"east": {"uv": [9, 73], "uv_size": [3, 2]},
								"south": {"uv": [0, 82], "uv_size": [1, 2]},
								"west": {"uv": [18, 73], "uv_size": [3, 2]},
								"up": {"uv": [72, 79], "uv_size": [1, 3]},
								"down": {"uv": [73, 82], "uv_size": [1, -3]}
							}
						},
						{
							"origin": [-19, 4, -4],
							"size": [2, 2, 1],
							"uv": {
								"north": {"uv": [18, 77], "uv_size": [2, 2]},
								"east": {"uv": [79, 81], "uv_size": [1, 2]},
								"south": {"uv": [77, 23], "uv_size": [2, 2]},
								"west": {"uv": [80, 81], "uv_size": [1, 2]},
								"up": {"uv": [81, 77], "uv_size": [2, 1]},
								"down": {"uv": [81, 81], "uv_size": [2, -1]}
							}
						},
						{
							"origin": [-19, 2, -7],
							"size": [2, 2, 4],
							"uv": {
								"north": {"uv": [77, 5], "uv_size": [2, 2]},
								"east": {"uv": [69, 21], "uv_size": [4, 2]},
								"south": {"uv": [16, 77], "uv_size": [2, 2]},
								"west": {"uv": [26, 69], "uv_size": [4, 2]},
								"up": {"uv": [30, 69], "uv_size": [2, 4]},
								"down": {"uv": [32, 73], "uv_size": [2, -4]}
							}
						},
						{
							"origin": [-19, 0, -6],
							"size": [14, 2, 3],
							"uv": {
								"north": {"uv": [19, 50], "uv_size": [14, 2]},
								"east": {"uv": [12, 72], "uv_size": [3, 2]},
								"south": {"uv": [4, 52], "uv_size": [14, 2]},
								"west": {"uv": [6, 73], "uv_size": [3, 2]},
								"up": {"uv": [34, 38], "uv_size": [14, 3]},
								"down": {"uv": [20, 42], "uv_size": [14, -3]}
							}
						},
						{
							"origin": [-5, 2, -7],
							"size": [29, 3, 2],
							"uv": {
								"north": {"uv": [0, 20], "uv_size": [29, 3]},
								"east": {"uv": [40, 71], "uv_size": [2, 3]},
								"south": {"uv": [0, 23], "uv_size": [29, 3]},
								"west": {"uv": [4, 72], "uv_size": [2, 3]},
								"up": {"uv": [29, 20], "uv_size": [29, 2]},
								"down": {"uv": [29, 24], "uv_size": [29, -2]}
							}
						},
						{
							"origin": [-11, 5, -9],
							"size": [8, 1, 4],
							"uv": {
								"north": {"uv": [71, 15], "uv_size": [8, 1]},
								"east": {"uv": [46, 79], "uv_size": [4, 1]},
								"south": {"uv": [71, 58], "uv_size": [8, 1]},
								"west": {"uv": [79, 48], "uv_size": [4, 1]},
								"up": {"uv": [47, 44], "uv_size": [8, 4]},
								"down": {"uv": [48, 16], "uv_size": [8, -4]}
							}
						},
						{
							"origin": [-15, 5, -9],
							"size": [4, 1, 9],
							"uv": {
								"north": {"uv": [79, 40], "uv_size": [4, 1]},
								"east": {"uv": [68, 25], "uv_size": [9, 1]},
								"south": {"uv": [79, 41], "uv_size": [4, 1]},
								"west": {"uv": [54, 68], "uv_size": [9, 1]},
								"up": {"uv": [0, 44], "uv_size": [4, 9]},
								"down": {"uv": [36, 53], "uv_size": [4, -9]}
							}
						},
						{
							"origin": [-14, 4, -9],
							"size": [9, 1, 1],
							"uv": {
								"north": {"uv": [63, 68], "uv_size": [9, 1]},
								"east": {"uv": [85, 67], "uv_size": [1, 1]},
								"south": {"uv": [69, 18], "uv_size": [9, 1]},
								"west": {"uv": [68, 85], "uv_size": [1, 1]},
								"up": {"uv": [69, 19], "uv_size": [9, 1]},
								"down": {"uv": [69, 21], "uv_size": [9, -1]}
							}
						},
						{
							"origin": [-5, 4, -9],
							"size": [29, 1, 2],
							"uv": {
								"north": {"uv": [40, 50], "uv_size": [29, 1]},
								"east": {"uv": [81, 44], "uv_size": [2, 1]},
								"south": {"uv": [40, 51], "uv_size": [29, 1]},
								"west": {"uv": [81, 45], "uv_size": [2, 1]},
								"up": {"uv": [29, 24], "uv_size": [29, 2]},
								"down": {"uv": [34, 30], "uv_size": [29, -2]}
							}
						},
						{
							"origin": [-13, 2, -9],
							"size": [36, 2, 1],
							"uv": {
								"north": {"uv": [23, 18], "uv_size": [36, 2]},
								"east": {"uv": [55, 81], "uv_size": [1, 2]},
								"south": {"uv": [0, 26], "uv_size": [36, 2]},
								"west": {"uv": [56, 81], "uv_size": [1, 2]},
								"up": {"uv": [36, 26], "uv_size": [36, 1]},
								"down": {"uv": [36, 28], "uv_size": [36, -1]}
							}
						},
						{
							"origin": [1, 1, -9],
							"size": [23, 1, 6],
							"uv": {
								"north": {"uv": [54, 5], "uv_size": [23, 1]},
								"east": {"uv": [12, 45], "uv_size": [6, 1]},
								"south": {"uv": [55, 47], "uv_size": [23, 1]},
								"west": {"uv": [26, 60], "uv_size": [6, 1]},
								"up": {"uv": [0, 8], "uv_size": [23, 6]},
								"down": {"uv": [0, 20], "uv_size": [23, -6]}
							}
						},
						{
							"origin": [-5, 1, -9],
							"size": [6, 1, 4],
							"uv": {
								"north": {"uv": [72, 71], "uv_size": [6, 1]},
								"east": {"uv": [0, 53], "uv_size": [4, 1]},
								"south": {"uv": [73, 2], "uv_size": [6, 1]},
								"west": {"uv": [53, 76], "uv_size": [4, 1]},
								"up": {"uv": [32, 53], "uv_size": [6, 4]},
								"down": {"uv": [38, 59], "uv_size": [6, -4]}
							}
						},
						{
							"origin": [-10, 1, -9],
							"size": [5, 1, 1],
							"uv": {
								"north": {"uv": [68, 76], "uv_size": [5, 1]},
								"east": {"uv": [85, 80], "uv_size": [1, 1]},
								"south": {"uv": [73, 76], "uv_size": [5, 1]},
								"west": {"uv": [81, 85], "uv_size": [1, 1]},
								"up": {"uv": [76, 73], "uv_size": [5, 1]},
								"down": {"uv": [76, 75], "uv_size": [5, -1]}
							}
						},
						{
							"origin": [-17, 1, -9],
							"size": [7, 1, 3],
							"uv": {
								"north": {"uv": [72, 45], "uv_size": [7, 1]},
								"east": {"uv": [81, 35], "uv_size": [3, 1]},
								"south": {"uv": [64, 72], "uv_size": [7, 1]},
								"west": {"uv": [81, 36], "uv_size": [3, 1]},
								"up": {"uv": [58, 55], "uv_size": [7, 3]},
								"down": {"uv": [58, 61], "uv_size": [7, -3]}
							}
						},
						{
							"origin": [-17, 5, -9],
							"size": [2, 1, 6],
							"uv": {
								"north": {"uv": [84, 24], "uv_size": [2, 1]},
								"east": {"uv": [74, 33], "uv_size": [6, 1]},
								"south": {"uv": [25, 84], "uv_size": [2, 1]},
								"west": {"uv": [74, 34], "uv_size": [6, 1]},
								"up": {"uv": [2, 66], "uv_size": [2, 6]},
								"down": {"uv": [4, 72], "uv_size": [2, -6]}
							}
						},
						{
							"origin": [-17, 2, -9],
							"size": [3, 3, 2],
							"uv": {
								"north": {"uv": [16, 68], "uv_size": [3, 3]},
								"east": {"uv": [70, 73], "uv_size": [2, 3]},
								"south": {"uv": [19, 68], "uv_size": [3, 3]},
								"west": {"uv": [72, 73], "uv_size": [2, 3]},
								"up": {"uv": [0, 74], "uv_size": [3, 2]},
								"down": {"uv": [12, 76], "uv_size": [3, -2]}
							}
						},
						{
							"origin": [-17, 0, -9],
							"size": [14, 1, 3],
							"uv": {
								"north": {"uv": [65, 52], "uv_size": [14, 1]},
								"east": {"uv": [81, 31], "uv_size": [3, 1]},
								"south": {"uv": [65, 53], "uv_size": [14, 1]},
								"west": {"uv": [34, 81], "uv_size": [3, 1]},
								"up": {"uv": [34, 41], "uv_size": [14, 3]},
								"down": {"uv": [42, 3], "uv_size": [14, -3]}
							}
						},
						{
							"origin": [20, 3, -10],
							"size": [3, 1, 1],
							"uv": {
								"north": {"uv": [79, 61], "uv_size": [3, 1]},
								"east": {"uv": [84, 50], "uv_size": [1, 1]},
								"south": {"uv": [66, 79], "uv_size": [3, 1]},
								"west": {"uv": [51, 84], "uv_size": [1, 1]},
								"up": {"uv": [79, 68], "uv_size": [3, 1]},
								"down": {"uv": [69, 80], "uv_size": [3, -1]}
							}
						},
						{
							"origin": [-15, 2, -11],
							"size": [2, 3, 2],
							"uv": {
								"north": {"uv": [51, 74], "uv_size": [2, 3]},
								"east": {"uv": [74, 73], "uv_size": [2, 3]},
								"south": {"uv": [4, 75], "uv_size": [2, 3]},
								"west": {"uv": [6, 75], "uv_size": [2, 3]},
								"up": {"uv": [79, 59], "uv_size": [2, 2]},
								"down": {"uv": [62, 81], "uv_size": [2, -2]}
							}
						},
						{
							"origin": [-13, 1, -10],
							"size": [1, 4, 1],
							"uv": {
								"north": {"uv": [30, 79], "uv_size": [1, 4]},
								"east": {"uv": [41, 79], "uv_size": [1, 4]},
								"south": {"uv": [64, 79], "uv_size": [1, 4]},
								"west": {"uv": [65, 79], "uv_size": [1, 4]},
								"up": {"uv": [85, 84], "uv_size": [1, 1]},
								"down": {"uv": [85, 86], "uv_size": [1, -1]}
							}
						},
						{
							"origin": [-15, 1, -10],
							"size": [2, 1, 1],
							"uv": {
								"north": {"uv": [84, 45], "uv_size": [2, 1]},
								"east": {"uv": [0, 86], "uv_size": [1, 1]},
								"south": {"uv": [84, 46], "uv_size": [2, 1]},
								"west": {"uv": [86, 0], "uv_size": [1, 1]},
								"up": {"uv": [48, 84], "uv_size": [2, 1]},
								"down": {"uv": [84, 49], "uv_size": [2, -1]}
							}
						},
						{
							"origin": [23, 2, -9],
							"size": [1, 2, 2],
							"uv": {
								"north": {"uv": [45, 81], "uv_size": [1, 2]},
								"east": {"uv": [12, 76], "uv_size": [2, 2]},
								"south": {"uv": [81, 50], "uv_size": [1, 2]},
								"west": {"uv": [42, 76], "uv_size": [2, 2]},
								"up": {"uv": [81, 52], "uv_size": [1, 2]},
								"down": {"uv": [54, 83], "uv_size": [1, -2]}
							}
						}
					]
				}
			]
		}
	]
}