{
	"format_version": "1.12.0",
	"minecraft:geometry": [
		{
			"description": {
				"identifier": "geometry.tiger",
				"texture_width": 64,
				"texture_height": 64,
				"visible_bounds_width": 6,
				"visible_bounds_height": 3.5,
				"visible_bounds_offset": [0, 1.25, 0]
			},
			"bones": [
				{
					"name": "body",
					"pivot": [0.1328, 18.89313, 1.14891],
					"cubes": [
						{
							"origin": [-5.31333, 14.3424, -8.7728],
							"size": [10.8896, 10.8896, 11.4208],
							"uv": {
								"north": {"uv": [28, 28], "uv_size": [6.5, 6.5]},
								"east": {"uv": [21, 16], "uv_size": [7, 6.5]},
								"south": {"uv": [30, 0], "uv_size": [6.5, 6.5]},
								"west": {"uv": [23, 0], "uv_size": [7, 6.5]},
								"up": {"uv": [23, 7], "uv_size": [6.5, 7]},
								"down": {"uv": [21, 30], "uv_size": [6.5, -7]}
							}
						},
						{
							"origin": [-5.18053, 14.94, 1.0544],
							"size": [10.624, 10.8896, 11.4208],
							"pivot": [-0.00133, 19.7872, -3.0624],
							"rotation": [-7.5, 0, 0],
							"uv": {
								"north": {"uv": [30, 7], "uv_size": [6.5, 6.5]},
								"east": {"uv": [7, 24], "uv_size": [7, 6.5]},
								"south": {"uv": [21, 30], "uv_size": [6.5, 6.5]},
								"west": {"uv": [14, 24], "uv_size": [7, 6.5]},
								"up": {"uv": [28, 14], "uv_size": [6.5, 7]},
								"down": {"uv": [28, 28], "uv_size": [6.5, -7]}
							}
						},
						{
							"origin": [-5.84453, 11.1552, -9.304],
							"size": [11.952, 13.28, 26.0288],
							"uv": {
								"north": {"uv": [7, 16], "uv_size": [7, 8]},
								"east": {"uv": [0, 0], "uv_size": [15.5, 8]},
								"south": {"uv": [14, 16], "uv_size": [7, 8]},
								"west": {"uv": [0, 8], "uv_size": [15.5, 8]},
								"up": {"uv": [0, 16], "uv_size": [7, 15.5]},
								"down": {"uv": [16, 15.5], "uv_size": [7, -15.5]}
							}
						}
					]
				},
				{
					"name": "neck",
					"pivot": [0.0664, 19.12155, -10.48973],
					"cubes": [
						{
							"origin": [-4.51653, 15.4048, -14.8816],
							"size": [9.0304, 9.0304, 8.2336],
							"pivot": [-0.00133, 19.6544, -9.8352],
							"rotation": [-17.5, 0, 0],
							"uv": {
								"north": {"uv": [28, 35], "uv_size": [5.5, 5.5]},
								"east": {"uv": [37, 0], "uv_size": [5, 5.5]},
								"south": {"uv": [35, 32], "uv_size": [5.5, 5.5]},
								"west": {"uv": [37, 6], "uv_size": [5, 5.5]},
								"up": {"uv": [7, 37], "uv_size": [5.5, 5]},
								"down": {"uv": [13, 42], "uv_size": [5.5, -5]}
							}
						},
						{
							"origin": [-3.52053, 15.4048, -10.3664],
							"size": [7.304, 9.0304, 6.3744],
							"pivot": [-0.00133, 19.6544, -9.8352],
							"rotation": [-42.5, 0, 0],
							"uv": {
								"north": {"uv": [38, 38], "uv_size": [4.5, 5.5]},
								"east": {"uv": [41, 26], "uv_size": [4, 5.5]},
								"south": {"uv": [41, 20], "uv_size": [4.5, 5.5]},
								"west": {"uv": [27, 41], "uv_size": [4, 5.5]},
								"up": {"uv": [43, 36], "uv_size": [4.5, 4]},
								"down": {"uv": [43, 44], "uv_size": [4.5, -4]}
							}
						}
					]
				},
				{
					"name": "head",
					"pivot": [-0.07589, 25.15395, -13.99727],
					"cubes": [
						{
							"origin": [-5.84453, 15.6704, -21.256],
							"size": [11.6864, 10.0928, 9.8272],
							"uv": {
								"north": {"uv": [7, 31], "uv_size": [7, 6]},
								"east": {"uv": [35, 20], "uv_size": [6, 6]},
								"south": {"uv": [14, 31], "uv_size": [7, 6]},
								"west": {"uv": [35, 26], "uv_size": [6, 6]},
								"up": {"uv": [0, 32], "uv_size": [7, 6]},
								"down": {"uv": [35, 20], "uv_size": [7, -6]}
							}
						},
						{
							"origin": [1.85787, 22.0448, -21.5216],
							"size": [2.1248, 1.5936, 1.328],
							"uv": {
								"north": {"uv": [2, 56], "uv_size": [1.5, 1]},
								"east": {"uv": [33, 48], "uv_size": [1, 1]},
								"south": {"uv": [4, 56], "uv_size": [1.5, 1]},
								"west": {"uv": [26, 49], "uv_size": [1, 1]},
								"up": {"uv": [56, 5], "uv_size": [1.5, 1]},
								"down": {"uv": [56, 7], "uv_size": [1.5, -1]}
							}
						},
						{
							"origin": [1.85123, 23.738, -21.47512],
							"size": [2.14472, 1.13544, 4.96672],
							"uv": {
								"north": {"uv": [16, 56], "uv_size": [1.5, 0.5]},
								"east": {"uv": [56, 13], "uv_size": [3, 0.5]},
								"south": {"uv": [56, 17], "uv_size": [1.5, 0.5]},
								"west": {"uv": [56, 14], "uv_size": [3, 0.5]},
								"up": {"uv": [52, 40], "uv_size": [1.5, 3]},
								"down": {"uv": [52, 46], "uv_size": [1.5, -3]}
							}
						},
						{
							"origin": [-3.99595, 23.738, -21.47512],
							"size": [2.14472, 1.13544, 4.96672],
							"uv": {
								"north": {"uv": [56, 18], "uv_size": [1.5, 0.5]},
								"east": {"uv": [56, 15], "uv_size": [3, 0.5]},
								"south": {"uv": [26, 56], "uv_size": [1.5, 0.5]},
								"west": {"uv": [56, 16], "uv_size": [3, 0.5]},
								"up": {"uv": [53, 19], "uv_size": [1.5, 3]},
								"down": {"uv": [53, 25], "uv_size": [1.5, -3]}
							}
						},
						{
							"origin": [2.49531, 22.23072, -21.7872],
							"size": [0.55776, 1.22176, 1.51392],
							"uv": {
								"north": {"uv": [56, 30], "uv_size": [0.5, 0.5]},
								"east": {"uv": [32, 53], "uv_size": [1, 0.5]},
								"south": {"uv": [56, 31], "uv_size": [0.5, 0.5]},
								"west": {"uv": [48, 54], "uv_size": [1, 0.5]},
								"up": {"uv": [50, 55], "uv_size": [0.5, 1]},
								"down": {"uv": [28, 57], "uv_size": [0.5, -1]}
							}
						},
						{
							"origin": [-2.94949, 22.23072, -21.7872],
							"size": [0.55776, 1.22176, 1.51392],
							"uv": {
								"north": {"uv": [29, 56], "uv_size": [0.5, 0.5]},
								"east": {"uv": [2, 51], "uv_size": [1, 0.5]},
								"south": {"uv": [56, 29], "uv_size": [0.5, 0.5]},
								"west": {"uv": [30, 51], "uv_size": [1, 0.5]},
								"up": {"uv": [32, 52], "uv_size": [0.5, 1]},
								"down": {"uv": [53, 30], "uv_size": [0.5, -1]}
							}
						},
						{
							"origin": [-3.98533, 22.0448, -21.5216],
							"size": [2.1248, 1.5936, 1.328],
							"uv": {
								"north": {"uv": [56, 7], "uv_size": [1.5, 1]},
								"east": {"uv": [37, 49], "uv_size": [1, 1]},
								"south": {"uv": [8, 56], "uv_size": [1.5, 1]},
								"west": {"uv": [26, 50], "uv_size": [1, 1]},
								"up": {"uv": [56, 8], "uv_size": [1.5, 1]},
								"down": {"uv": [10, 57], "uv_size": [1.5, -1]}
							}
						},
						{
							"origin": [2.12347, 15.936, -20.7248],
							"size": [4.5152, 6.9056, 8.7648],
							"pivot": [6.24027, 19.92, -16.3424],
							"rotation": [0, 0, 12.5],
							"uv": {
								"north": {"uv": [4, 38], "uv_size": [2.5, 4]},
								"east": {"uv": [41, 32], "uv_size": [5.5, 4]},
								"south": {"uv": [27, 47], "uv_size": [2.5, 4]},
								"west": {"uv": [42, 0], "uv_size": [5.5, 4]},
								"up": {"uv": [38, 44], "uv_size": [2.5, 5.5]},
								"down": {"uv": [41, 49.5], "uv_size": [2.5, -5.5]}
							}
						},
						{
							"origin": [-6.64133, 15.936, -20.7248],
							"size": [4.5152, 6.9056, 8.7648],
							"pivot": [-6.24293, 19.92, -16.3424],
							"rotation": [0, 0, -12.5],
							"uv": {
								"north": {"uv": [47, 30], "uv_size": [2.5, 4]},
								"east": {"uv": [4, 42], "uv_size": [5.5, 4]},
								"south": {"uv": [47, 44], "uv_size": [2.5, 4]},
								"west": {"uv": [42, 4], "uv_size": [5.5, 4]},
								"up": {"uv": [44, 44], "uv_size": [2.5, 5.5]},
								"down": {"uv": [0, 50.5], "uv_size": [2.5, -5.5]}
							}
						}
					]
				},
				{
					"name": "ear1",
					"parent": "head",
					"pivot": [4.21039, 26.49294, -15.8032],
					"cubes": [
						{
							"origin": [2.65467, 24.7008, -15.4128],
							"size": [3.1872, 3.7184, 1.8592],
							"pivot": [3.71707, 26.8256, -14.4832],
							"rotation": [0, 0, 7.5],
							"uv": {
								"north": {"uv": [41, 36], "uv_size": [2, 2]},
								"east": {"uv": [27, 14], "uv_size": [1, 2]},
								"south": {"uv": [45, 30], "uv_size": [2, 2]},
								"west": {"uv": [34, 35], "uv_size": [1, 2]},
								"up": {"uv": [48, 55], "uv_size": [2, 1]},
								"down": {"uv": [55, 49], "uv_size": [2, -1]}
							}
						}
					]
				},
				{
					"name": "ear2",
					"parent": "head",
					"pivot": [-4.21039, 26.49294, -15.8032],
					"cubes": [
						{
							"origin": [-5.84453, 24.7008, -15.4128],
							"size": [3.1872, 3.7184, 1.8592],
							"pivot": [-3.71973, 26.8256, -14.4832],
							"rotation": [0, 0, -7.5],
							"uv": {
								"north": {"uv": [52, 36], "uv_size": [2, 2]},
								"east": {"uv": [41, 12], "uv_size": [1, 2]},
								"south": {"uv": [52, 46], "uv_size": [2, 2]},
								"west": {"uv": [18, 42], "uv_size": [1, 2]},
								"up": {"uv": [55, 49], "uv_size": [2, 1]},
								"down": {"uv": [55, 51], "uv_size": [2, -1]}
							}
						}
					]
				},
				{
					"name": "upperjaw",
					"parent": "head",
					"pivot": [-0.14608, 19.48309, -22.04874],
					"cubes": [
						{
							"origin": [-3.21509, 17.02496, -25.21344],
							"size": [6.13536, 2.9216, 5.55104],
							"pivot": [-0.14741, 18.04752, -23.3144],
							"rotation": [17.5, 0, 0],
							"uv": {
								"north": {"uv": [23, 14], "uv_size": [3.5, 2]},
								"east": {"uv": [37, 12], "uv_size": [3.5, 2]},
								"south": {"uv": [48, 40], "uv_size": [3.5, 2]},
								"west": {"uv": [48, 42], "uv_size": [3.5, 2]},
								"up": {"uv": [45, 26], "uv_size": [3.5, 3.5]},
								"down": {"uv": [34, 48.5], "uv_size": [3.5, -3.5]}
							}
						},
						{
							"origin": [-3.06901, 17.60928, -24.62912],
							"size": [5.8432, 2.9216, 5.55104],
							"pivot": [-0.14741, 18.04752, -23.3144],
							"rotation": [32.5, 0, 0],
							"uv": {
								"north": {"uv": [49, 28], "uv_size": [3.5, 2]},
								"east": {"uv": [3, 50], "uv_size": [3.5, 2]},
								"south": {"uv": [50, 5], "uv_size": [3.5, 2]},
								"west": {"uv": [50, 7], "uv_size": [3.5, 2]},
								"up": {"uv": [3, 46], "uv_size": [3.5, 3.5]},
								"down": {"uv": [46, 11.5], "uv_size": [3.5, -3.5]}
							}
						},
						{
							"origin": [-1.75429, 18.77792, -25.5056],
							"size": [3.21376, 1.75296, 2.04512],
							"pivot": [-0.14741, 18.04752, -23.3144],
							"rotation": [17.5, 0, 0],
							"uv": {
								"north": {"uv": [48, 7], "uv_size": [2, 1]},
								"east": {"uv": [34, 37], "uv_size": [1, 1]},
								"south": {"uv": [51, 27], "uv_size": [2, 1]},
								"west": {"uv": [3, 45], "uv_size": [1, 1]},
								"up": {"uv": [52, 16], "uv_size": [2, 1]},
								"down": {"uv": [55, 13], "uv_size": [2, -1]}
							}
						}
					]
				},
				{
					"name": "lowerjaw",
					"parent": "head",
					"pivot": [-0.14608, 17.00575, -22.28378],
					"cubes": [
						{
							"origin": [-2.63077, 15.272, -24.62912],
							"size": [4.96672, 2.62944, 4.96672],
							"pivot": [-0.14741, 18.04752, -23.3144],
							"rotation": [17.5, 0, 0],
							"uv": {
								"north": {"uv": [46, 24], "uv_size": [3, 1.5]},
								"east": {"uv": [52, 3], "uv_size": [3, 1.5]},
								"south": {"uv": [52, 9], "uv_size": [3, 1.5]},
								"west": {"uv": [52, 11], "uv_size": [3, 1.5]},
								"up": {"uv": [13, 48], "uv_size": [3, 3]},
								"down": {"uv": [48, 22], "uv_size": [3, -3]}
							}
						}
					]
				},
				{
					"name": "leg1",
					"pivot": [0, 0, 0]
				},
				{
					"name": "leg1part1",
					"parent": "leg1",
					"pivot": [6.5975, 15.77664, -5.16326],
					"cubes": [
						{
							"origin": [5.16194, 10.61338, -6.71174],
							"size": [2.86848, 10.32653, 5.73696],
							"uv": {
								"north": {"uv": [16, 48], "uv_size": [1.5, 6]},
								"east": {"uv": [42, 8], "uv_size": [3.5, 6]},
								"south": {"uv": [48, 34], "uv_size": [1.5, 6]},
								"west": {"uv": [10, 42], "uv_size": [3.5, 6]},
								"up": {"uv": [0, 51], "uv_size": [1.5, 3.5]},
								"down": {"uv": [13, 54.5], "uv_size": [1.5, -3.5]}
							}
						}
					]
				},
				{
					"name": "leg1part2",
					"parent": "leg1",
					"pivot": [6.5975, 6.16723, -5.16326],
					"cubes": [
						{
							"origin": [5.44878, 1.72109, -5.56435],
							"size": [2.29478, 8.89229, 3.44218],
							"uv": {
								"north": {"uv": [20, 49], "uv_size": [1.5, 5.5]},
								"east": {"uv": [7, 46], "uv_size": [2, 5.5]},
								"south": {"uv": [22, 49], "uv_size": [1.5, 5.5]},
								"west": {"uv": [46, 12], "uv_size": [2, 5.5]},
								"up": {"uv": [54, 0], "uv_size": [1.5, 2]},
								"down": {"uv": [54, 7], "uv_size": [1.5, -2]}
							}
						}
					]
				},
				{
					"name": "foot1",
					"parent": "leg1",
					"pivot": [6.5975, 0.86054, -6.45408],
					"cubes": [
						{
							"origin": [4.87509, 0, -7.28544],
							"size": [3.44218, 1.72109, 4.30272],
							"uv": {
								"north": {"uv": [55, 51], "uv_size": [2, 1]},
								"east": {"uv": [54, 2], "uv_size": [2.5, 1]},
								"south": {"uv": [55, 52], "uv_size": [2, 1]},
								"west": {"uv": [54, 47], "uv_size": [2.5, 1]},
								"up": {"uv": [26, 51], "uv_size": [2, 2.5]},
								"down": {"uv": [28, 53.5], "uv_size": [2, -2.5]}
							}
						}
					]
				},
				{
					"name": "leg2",
					"pivot": [0, 0, 0]
				},
				{
					"name": "leg2part1",
					"parent": "leg2",
					"pivot": [-6.5975, 15.77664, -5.16326],
					"cubes": [
						{
							"origin": [-7.70107, 10.61338, -6.71174],
							"size": [2.86848, 10.32653, 5.73696],
							"uv": {
								"north": {"uv": [47, 48], "uv_size": [1.5, 6]},
								"east": {"uv": [14, 42], "uv_size": [3.5, 6]},
								"south": {"uv": [18, 49], "uv_size": [1.5, 6]},
								"west": {"uv": [42, 14], "uv_size": [3.5, 6]},
								"up": {"uv": [51, 19], "uv_size": [1.5, 3.5]},
								"down": {"uv": [51, 26.5], "uv_size": [1.5, -3.5]}
							}
						}
					]
				},
				{
					"name": "leg2part2",
					"parent": "leg2",
					"pivot": [-6.5975, 6.16723, -4.87642],
					"cubes": [
						{
							"origin": [-7.41422, 1.72109, -5.2775],
							"size": [2.29478, 8.89229, 3.44218],
							"uv": {
								"north": {"uv": [49, 22], "uv_size": [1.5, 5.5]},
								"east": {"uv": [46, 18], "uv_size": [2, 5.5]},
								"south": {"uv": [24, 49], "uv_size": [1.5, 5.5]},
								"west": {"uv": [31, 46], "uv_size": [2, 5.5]},
								"up": {"uv": [54, 7], "uv_size": [1.5, 2]},
								"down": {"uv": [54, 15], "uv_size": [1.5, -2]}
							}
						}
					]
				},
				{
					"name": "foot2",
					"parent": "leg2",
					"pivot": [-6.5975, 0.86054, -6.45408],
					"cubes": [
						{
							"origin": [-7.98792, 0, -7.28544],
							"size": [3.44218, 1.72109, 4.30272],
							"uv": {
								"north": {"uv": [55, 53], "uv_size": [2, 1]},
								"east": {"uv": [0, 55], "uv_size": [2.5, 1]},
								"south": {"uv": [55, 54], "uv_size": [2, 1]},
								"west": {"uv": [3, 55], "uv_size": [2.5, 1]},
								"up": {"uv": [51, 48], "uv_size": [2, 2.5]},
								"down": {"uv": [51, 53.5], "uv_size": [2, -2.5]}
							}
						}
					]
				},
				{
					"name": "leg3",
					"pivot": [0, 0, -1.0624]
				},
				{
					"name": "leg3part1",
					"parent": "leg3",
					"pivot": [6.5975, 17.06746, 12.33446],
					"cubes": [
						{
							"origin": [5.16194, 11.47392, 9.14989],
							"size": [2.86848, 11.18707, 6.88435],
							"uv": {
								"north": {"uv": [48, 0], "uv_size": [1.5, 6.5]},
								"east": {"uv": [19, 37], "uv_size": [4, 6.5]},
								"south": {"uv": [9, 48], "uv_size": [1.5, 6.5]},
								"west": {"uv": [23, 37], "uv_size": [4, 6.5]},
								"up": {"uv": [50, 9], "uv_size": [1.5, 4]},
								"down": {"uv": [50, 17], "uv_size": [1.5, -4]}
							}
						}
					]
				},
				{
					"name": "leg3part2",
					"parent": "leg3",
					"pivot": [6.5975, 9.90459, 13.26329],
					"cubes": [
						{
							"origin": [5.44878, 6.31066, 9.72358],
							"size": [2.29478, 8.31859, 4.58957],
							"pivot": [6.59618, 12.76474, 13.73946],
							"rotation": [32.5, 0, 0],
							"uv": {
								"north": {"uv": [33, 49], "uv_size": [1.5, 5]},
								"east": {"uv": [31, 41], "uv_size": [3, 5]},
								"south": {"uv": [35, 49], "uv_size": [1.5, 5]},
								"west": {"uv": [18, 44], "uv_size": [3, 5]},
								"up": {"uv": [52, 13], "uv_size": [1.5, 3]},
								"down": {"uv": [30, 55], "uv_size": [1.5, -3]}
							}
						}
					]
				},
				{
					"name": "leg3part3",
					"parent": "leg3",
					"pivot": [6.5975, 4.87642, 15.77664],
					"cubes": [
						{
							"origin": [5.73563, 1.72109, 14.6],
							"size": [1.72109, 6.31066, 2.86848],
							"uv": {
								"north": {"uv": [27, 37], "uv_size": [1, 4]},
								"east": {"uv": [50, 30], "uv_size": [1.5, 4]},
								"south": {"uv": [30, 47], "uv_size": [1, 4]},
								"west": {"uv": [50, 34], "uv_size": [1.5, 4]},
								"up": {"uv": [9, 46], "uv_size": [1, 1.5]},
								"down": {"uv": [33, 47.5], "uv_size": [1, -1.5]}
							}
						}
					]
				},
				{
					"name": "foot3",
					"parent": "leg3",
					"pivot": [6.5975, 0.86054, 14.48582],
					"cubes": [
						{
							"origin": [4.87509, 0, 12.59206],
							"size": [3.44218, 1.72109, 4.30272],
							"uv": {
								"north": {"uv": [55, 55], "uv_size": [2, 1]},
								"east": {"uv": [55, 3], "uv_size": [2.5, 1]},
								"south": {"uv": [0, 56], "uv_size": [2, 1]},
								"west": {"uv": [55, 4], "uv_size": [2.5, 1]},
								"up": {"uv": [52, 0], "uv_size": [2, 2.5]},
								"down": {"uv": [2, 54.5], "uv_size": [2, -2.5]}
							}
						}
					]
				},
				{
					"name": "leg4",
					"pivot": [0, 0, 0]
				},
				{
					"name": "leg4part1",
					"parent": "leg4",
					"pivot": [-6.5975, 17.06746, 12.33446],
					"cubes": [
						{
							"origin": [-8.03307, 11.47392, 9.14989],
							"size": [2.86848, 11.18707, 6.88435],
							"uv": {
								"north": {"uv": [11, 48], "uv_size": [1.5, 6.5]},
								"east": {"uv": [0, 38], "uv_size": [4, 6.5]},
								"south": {"uv": [48, 12], "uv_size": [1.5, 6.5]},
								"west": {"uv": [34, 38], "uv_size": [4, 6.5]},
								"up": {"uv": [37, 50], "uv_size": [1.5, 4]},
								"down": {"uv": [39, 54], "uv_size": [1.5, -4]}
							}
						}
					]
				},
				{
					"name": "leg4part2",
					"parent": "leg4",
					"pivot": [-6.5975, 9.90459, 13.26329],
					"cubes": [
						{
							"origin": [-7.74622, 6.31066, 9.72358],
							"size": [2.29478, 8.31859, 4.58957],
							"pivot": [-6.59883, 12.76474, 13.73946],
							"rotation": [32.5, 0, 0],
							"uv": {
								"north": {"uv": [49, 48], "uv_size": [1.5, 5]},
								"east": {"uv": [21, 44], "uv_size": [3, 5]},
								"south": {"uv": [50, 0], "uv_size": [1.5, 5]},
								"west": {"uv": [24, 44], "uv_size": [3, 5]},
								"up": {"uv": [52, 30], "uv_size": [1.5, 3]},
								"down": {"uv": [52, 36], "uv_size": [1.5, -3]}
							}
						}
					]
				},
				{
					"name": "leg4part3",
					"parent": "leg4",
					"pivot": [-6.5975, 4.87642, 15.77664],
					"cubes": [
						{
							"origin": [-7.45938, 1.72109, 14.6],
							"size": [1.72109, 6.31066, 2.86848],
							"uv": {
								"north": {"uv": [15, 51], "uv_size": [1, 4]},
								"east": {"uv": [41, 50], "uv_size": [1.5, 4]},
								"south": {"uv": [8, 52], "uv_size": [1, 4]},
								"west": {"uv": [43, 50], "uv_size": [1.5, 4]},
								"up": {"uv": [47, 34], "uv_size": [1, 1.5]},
								"down": {"uv": [48, 23.5], "uv_size": [1, -1.5]}
							}
						}
					]
				},
				{
					"name": "foot4",
					"parent": "leg4",
					"pivot": [-6.5975, 0.86054, 14.48582],
					"cubes": [
						{
							"origin": [-8.31992, 0, 12.59206],
							"size": [3.44218, 1.72109, 4.30272],
							"uv": {
								"north": {"uv": [56, 0], "uv_size": [2, 1]},
								"east": {"uv": [9, 55], "uv_size": [2.5, 1]},
								"south": {"uv": [56, 1], "uv_size": [2, 1]},
								"west": {"uv": [55, 9], "uv_size": [2.5, 1]},
								"up": {"uv": [4, 52], "uv_size": [2, 2.5]},
								"down": {"uv": [6, 54.5], "uv_size": [2, -2.5]}
							}
						}
					]
				},
				{
					"name": "tail",
					"pivot": [-0.00133, 20.94532, 15.31942],
					"rotation": [-5, 0, 0],
					"cubes": [
						{
							"origin": [-1.51525, 16.67968, 14.91872],
							"size": [3.02784, 3.02784, 3.02784],
							"pivot": [-0.26693, 19.70752, 17.94656],
							"rotation": [-47.5, 0, 0],
							"uv": {
								"north": {"uv": [53, 25], "uv_size": [2, 2]},
								"east": {"uv": [53, 27], "uv_size": [2, 2]},
								"south": {"uv": [53, 48], "uv_size": [2, 2]},
								"west": {"uv": [49, 53], "uv_size": [2, 2]},
								"up": {"uv": [53, 50], "uv_size": [2, 2]},
								"down": {"uv": [53, 54], "uv_size": [2, -2]}
							}
						},
						{
							"origin": [-1.36386, 14.14172, 15.59445],
							"size": [2.72506, 2.80075, 6.35846],
							"pivot": [-0.26693, 16.56399, 18.77368],
							"rotation": [-67.5, 0, 0],
							"uv": {
								"north": {"uv": [6, 55], "uv_size": [1.5, 1.5]},
								"east": {"uv": [50, 17], "uv_size": [4, 1.5]},
								"south": {"uv": [55, 10], "uv_size": [1.5, 1.5]},
								"west": {"uv": [50, 38], "uv_size": [4, 1.5]},
								"up": {"uv": [50, 44], "uv_size": [1.5, 4]},
								"down": {"uv": [45, 54], "uv_size": [1.5, -4]}
							}
						},
						{
							"origin": [-1.21246, 13.83893, 21.04456],
							"size": [2.42227, 2.80075, 3.63341],
							"pivot": [-0.26693, 16.56399, 18.77368],
							"rotation": [-60, 0, 0],
							"uv": {
								"north": {"uv": [12, 55], "uv_size": [1.5, 1.5]},
								"east": {"uv": [54, 15], "uv_size": [2, 1.5]},
								"south": {"uv": [14, 55], "uv_size": [1.5, 1.5]},
								"west": {"uv": [16, 54], "uv_size": [2, 1.5]},
								"up": {"uv": [54, 17], "uv_size": [1.5, 2]},
								"down": {"uv": [26, 56], "uv_size": [1.5, -2]}
							}
						},
						{
							"origin": [-1.28816, 10.65854, 21.18419],
							"size": [2.57366, 2.80075, 3.63341],
							"pivot": [-0.26693, 12.3617, 19.67027],
							"rotation": [-50, 0, 0],
							"uv": {
								"north": {"uv": [18, 55], "uv_size": [1.5, 1.5]},
								"east": {"uv": [28, 54], "uv_size": [2, 1.5]},
								"south": {"uv": [55, 19], "uv_size": [1.5, 1.5]},
								"west": {"uv": [54, 29], "uv_size": [2, 1.5]},
								"up": {"uv": [54, 31], "uv_size": [1.5, 2]},
								"down": {"uv": [32, 56], "uv_size": [1.5, -2]}
							}
						},
						{
							"origin": [-1.13677, 9.4474, 24.21203],
							"size": [2.27088, 2.72506, 3.63341],
							"pivot": [-0.26693, 12.3617, 19.67027],
							"rotation": [-35, 0, 0],
							"uv": {
								"north": {"uv": [20, 55], "uv_size": [1.5, 1.5]},
								"east": {"uv": [54, 33], "uv_size": [2, 1.5]},
								"south": {"uv": [55, 21], "uv_size": [1.5, 1.5]},
								"west": {"uv": [34, 54], "uv_size": [2, 1.5]},
								"up": {"uv": [54, 35], "uv_size": [1.5, 2]},
								"down": {"uv": [36, 56], "uv_size": [1.5, -2]}
							}
						},
						{
							"origin": [-1.28816, 5.35488, 24.52017],
							"size": [2.57366, 2.72506, 3.63341],
							"uv": {
								"north": {"uv": [22, 55], "uv_size": [1.5, 1.5]},
								"east": {"uv": [54, 37], "uv_size": [2, 1.5]},
								"south": {"uv": [55, 23], "uv_size": [1.5, 1.5]},
								"west": {"uv": [38, 54], "uv_size": [2, 1.5]},
								"up": {"uv": [54, 39], "uv_size": [1.5, 2]},
								"down": {"uv": [40, 56], "uv_size": [1.5, -2]}
							}
						},
						{
							"origin": [-1.13677, 4.14374, 27.09384],
							"size": [2.27088, 2.72506, 3.63341],
							"pivot": [-0.26693, 7.85285, 23.53612],
							"rotation": [17.5, 0, 0],
							"uv": {
								"north": {"uv": [24, 55], "uv_size": [1.5, 1.5]},
								"east": {"uv": [54, 41], "uv_size": [2, 1.5]},
								"south": {"uv": [55, 25], "uv_size": [1.5, 1.5]},
								"west": {"uv": [42, 54], "uv_size": [2, 1.5]},
								"up": {"uv": [54, 43], "uv_size": [1.5, 2]},
								"down": {"uv": [44, 56], "uv_size": [1.5, -2]}
							}
						},
						{
							"origin": [-1.21246, 1.79717, 28.38067],
							"size": [2.42227, 2.72506, 3.63341],
							"pivot": [-0.26693, 7.85285, 23.53612],
							"rotation": [40, 0, 0],
							"uv": {
								"north": {"uv": [55, 27], "uv_size": [1.5, 1.5]},
								"east": {"uv": [54, 45], "uv_size": [2, 1.5]},
								"south": {"uv": [30, 55], "uv_size": [1.5, 1.5]},
								"west": {"uv": [46, 54], "uv_size": [2, 1.5]},
								"up": {"uv": [51, 54], "uv_size": [1.5, 2]},
								"down": {"uv": [53, 56], "uv_size": [1.5, -2]}
							}
						}
					]
				}
			]
		}
	]
}